Site,Treatment,Transect,Point,Cover_type
C16,Control,5,20,Bare
C16,Control,1,1,Litter
C16,Control,1,3,Litter
C16,Control,1,6,Litter
C16,Control,1,8,Litter
C16,Control,1,9,Litter
C16,Control,1,10,Litter
C16,Control,1,14,Litter
C16,Control,1,15,Litter
C16,Control,1,16,Litter
C16,Control,1,18,Litter
C16,Control,1,19,Litter
C16,Control,1,20,Litter
C16,Control,2,1,Litter
C16,Control,2,2,Litter
C16,Control,2,3,Litter
C16,Control,2,5,Litter
C16,Control,2,6,Litter
C16,Control,2,7,Litter
C16,Control,2,14,Litter
C16,Control,2,15,Litter
C16,Control,2,16,Litter
C16,Control,2,17,Litter
C16,Control,2,18,Litter
C16,Control,3,1,Litter
C16,Control,3,2,Litter
C16,Control,3,3,Litter
C16,Control,3,4,Litter
C16,Control,3,5,Litter
C16,Control,3,6,Litter
C16,Control,3,7,Litter
C16,Control,3,14,Litter
C16,Control,3,15,Litter
C16,Control,3,16,Litter
C16,Control,3,17,Litter
C16,Control,3,18,Litter
C16,Control,4,16,Litter
C16,Control,4,17,Litter
C16,Control,4,19,Litter
C16,Control,4,20,Litter
C16,Control,5,7,Litter
C16,Control,5,15,Litter
C16,Control,5,16,Litter
C16,Control,5,17,Litter
C16,Control,5,19,Litter
C16,Control,2,4,Rock
C16,Control,2,12,Rock
C16,Control,2,13,Rock
C16,Control,3,12,Rock
C16,Control,3,13,Rock
C16,Control,4,18,Rock
C16,Control,5,3,Rock
C16,Control,5,4,Rock
C16,Control,5,18,Rock
C16,Control,1,5,Shrub
C16,Control,1,11,Shrub
C16,Control,2,10,Shrub
C16,Control,3,10,Shrub
C16,Control,4,4,Shrub
C16,Control,5,5,Shrub
C16,Control,5,10,Shrub
C16,Control,5,11,Shrub
C16,Control,5,12,Shrub
C16,Control,1,2,Tree
C16,Control,1,4,Tree
C16,Control,1,12,Tree
C16,Control,1,13,Tree
C16,Control,2,8,Tree
C16,Control,2,11,Tree
C16,Control,2,19,Tree
C16,Control,2,20,Tree
C16,Control,3,8,Tree
C16,Control,3,11,Tree
C16,Control,3,19,Tree
C16,Control,3,20,Tree
C16,Control,4,1,Tree
C16,Control,4,2,Tree
C16,Control,4,5,Tree
C16,Control,4,6,Tree
C16,Control,4,8,Tree
C16,Control,4,9,Tree
C16,Control,4,10,Tree
C16,Control,4,11,Tree
C16,Control,4,12,Tree
C16,Control,4,13,Tree
C16,Control,4,14,Tree
C16,Control,4,15,Tree
C16,Control,5,1,Tree
C16,Control,5,2,Tree
C16,Control,5,6,Tree
C16,Control,5,8,Tree
C16,Control,5,13,Tree
C16,Control,1,7,Wood
C16,Control,1,17,Wood
C16,Control,2,9,Wood
C16,Control,3,9,Wood
C16,Control,4,3,Wood
C16,Control,4,7,Wood
C16,Control,5,9,Wood
C16,Control,5,14,Wood
C17,Control,3,4,Bare
C17,Control,1,1,Litter
C17,Control,1,2,Litter
C17,Control,1,4,Litter
C17,Control,1,5,Litter
C17,Control,1,6,Litter
C17,Control,1,7,Litter
C17,Control,1,8,Litter
C17,Control,1,9,Litter
C17,Control,1,11,Litter
C17,Control,1,13,Litter
C17,Control,1,14,Litter
C17,Control,1,15,Litter
C17,Control,1,16,Litter
C17,Control,1,19,Litter
C17,Control,1,20,Litter
C17,Control,2,3,Litter
C17,Control,2,4,Litter
C17,Control,2,5,Litter
C17,Control,2,6,Litter
C17,Control,2,7,Litter
C17,Control,2,8,Litter
C17,Control,2,9,Litter
C17,Control,2,10,Litter
C17,Control,2,11,Litter
C17,Control,2,13,Litter
C17,Control,2,14,Litter
C17,Control,2,15,Litter
C17,Control,2,16,Litter
C17,Control,2,17,Litter
C17,Control,2,19,Litter
C17,Control,2,20,Litter
C17,Control,3,1,Litter
C17,Control,3,2,Litter
C17,Control,3,3,Litter
C17,Control,3,10,Litter
C17,Control,3,11,Litter
C17,Control,3,12,Litter
C17,Control,3,13,Litter
C17,Control,3,14,Litter
C17,Control,3,15,Litter
C17,Control,3,16,Litter
C17,Control,3,17,Litter
C17,Control,3,18,Litter
C17,Control,3,19,Litter
C17,Control,3,20,Litter
C17,Control,4,1,Litter
C17,Control,4,2,Litter
C17,Control,4,3,Litter
C17,Control,4,4,Litter
C17,Control,4,5,Litter
C17,Control,4,9,Litter
C17,Control,4,10,Litter
C17,Control,4,11,Litter
C17,Control,4,13,Litter
C17,Control,4,14,Litter
C17,Control,4,16,Litter
C17,Control,4,17,Litter
C17,Control,4,19,Litter
C17,Control,5,1,Litter
C17,Control,5,2,Litter
C17,Control,5,4,Litter
C17,Control,5,5,Litter
C17,Control,5,7,Litter
C17,Control,5,9,Litter
C17,Control,5,11,Litter
C17,Control,5,12,Litter
C17,Control,5,13,Litter
C17,Control,5,14,Litter
C17,Control,5,15,Litter
C17,Control,5,17,Litter
C17,Control,5,18,Litter
C17,Control,5,20,Litter
C17,Control,1,3,Rock
C17,Control,1,17,Rock
C17,Control,3,5,Rock
C17,Control,3,6,Rock
C17,Control,3,7,Rock
C17,Control,3,8,Rock
C17,Control,4,6,Rock
C17,Control,4,7,Rock
C17,Control,5,8,Rock
C17,Control,5,10,Rock
C17,Control,5,16,Rock
C17,Control,5,19,Rock
C17,Control,4,8,Shrub
C17,Control,1,10,Tree
C17,Control,1,12,Tree
C17,Control,2,1,Tree
C17,Control,2,2,Tree
C17,Control,2,18,Tree
C17,Control,4,12,Tree
C17,Control,4,15,Tree
C17,Control,4,18,Tree
C17,Control,4,20,Tree
C17,Control,5,3,Tree
C17,Control,5,6,Tree
C17,Control,1,18,Wood
C17,Control,2,12,Wood
C17,Control,3,9,Wood
C18,Control,1,11,Grass
C18,Control,1,2,Litter
C18,Control,1,3,Litter
C18,Control,1,4,Litter
C18,Control,1,6,Litter
C18,Control,1,7,Litter
C18,Control,1,8,Litter
C18,Control,1,9,Litter
C18,Control,1,16,Litter
C18,Control,1,17,Litter
C18,Control,1,19,Litter
C18,Control,2,1,Litter
C18,Control,2,2,Litter
C18,Control,2,3,Litter
C18,Control,2,4,Litter
C18,Control,2,5,Litter
C18,Control,2,8,Litter
C18,Control,2,9,Litter
C18,Control,3,2,Litter
C18,Control,3,6,Litter
C18,Control,3,7,Litter
C18,Control,3,10,Litter
C18,Control,3,13,Litter
C18,Control,3,14,Litter
C18,Control,4,2,Litter
C18,Control,4,3,Litter
C18,Control,4,5,Litter
C18,Control,4,6,Litter
C18,Control,4,7,Litter
C18,Control,4,8,Litter
C18,Control,4,9,Litter
C18,Control,4,10,Litter
C18,Control,4,11,Litter
C18,Control,4,16,Litter
C18,Control,4,18,Litter
C18,Control,5,1,Litter
C18,Control,5,2,Litter
C18,Control,5,5,Litter
C18,Control,5,6,Litter
C18,Control,5,7,Litter
C18,Control,5,8,Litter
C18,Control,5,9,Litter
C18,Control,5,10,Litter
C18,Control,5,11,Litter
C18,Control,5,17,Litter
C18,Control,1,1,Rock
C18,Control,1,5,Rock
C18,Control,1,13,Rock
C18,Control,1,14,Rock
C18,Control,1,15,Rock
C18,Control,2,14,Rock
C18,Control,3,16,Rock
C18,Control,3,18,Rock
C18,Control,3,19,Rock
C18,Control,3,20,Rock
C18,Control,5,12,Rock
C18,Control,5,14,Rock
C18,Control,5,18,Rock
C18,Control,1,10,Shrub
C18,Control,1,20,Shrub
C18,Control,2,10,Shrub
C18,Control,2,11,Shrub
C18,Control,2,12,Shrub
C18,Control,2,13,Shrub
C18,Control,2,15,Shrub
C18,Control,2,16,Shrub
C18,Control,2,17,Shrub
C18,Control,2,18,Shrub
C18,Control,3,1,Shrub
C18,Control,3,3,Shrub
C18,Control,3,5,Shrub
C18,Control,3,9,Shrub
C18,Control,3,15,Shrub
C18,Control,4,1,Shrub
C18,Control,4,12,Shrub
C18,Control,4,13,Shrub
C18,Control,4,14,Shrub
C18,Control,4,15,Shrub
C18,Control,4,19,Shrub
C18,Control,4,20,Shrub
C18,Control,5,3,Shrub
C18,Control,5,15,Shrub
C18,Control,5,16,Shrub
C18,Control,1,18,Tree
C18,Control,2,7,Tree
C18,Control,2,19,Tree
C18,Control,2,20,Tree
C18,Control,3,4,Tree
C18,Control,3,8,Tree
C18,Control,3,11,Tree
C18,Control,3,12,Tree
C18,Control,3,17,Tree
C18,Control,4,4,Tree
C18,Control,5,4,Tree
C18,Control,1,12,Wood
C18,Control,2,6,Wood
C18,Control,4,17,Wood
C18,Control,5,13,Wood
C18,Control,5,19,Wood
C18,Control,5,20,Wood
C19,Control,4,9,Bare
C19,Control,4,10,Bare
C19,Control,5,10,Bare
C19,Control,2,6,Forb
C19,Control,3,2,Forb
C19,Control,3,4,Forb
C19,Control,5,13,Forb
C19,Control,2,14,Litter
C19,Control,2,17,Litter
C19,Control,2,18,Litter
C19,Control,3,15,Litter
C19,Control,4,1,Litter
C19,Control,4,2,Litter
C19,Control,4,5,Litter
C19,Control,4,7,Litter
C19,Control,4,11,Litter
C19,Control,4,12,Litter
C19,Control,4,13,Litter
C19,Control,4,15,Litter
C19,Control,4,19,Litter
C19,Control,5,1,Litter
C19,Control,5,6,Litter
C19,Control,5,8,Litter
C19,Control,1,17,Rock
C19,Control,1,18,Rock
C19,Control,1,19,Rock
C19,Control,2,7,Rock
C19,Control,2,9,Rock
C19,Control,2,10,Rock
C19,Control,2,13,Rock
C19,Control,3,3,Rock
C19,Control,3,5,Rock
C19,Control,3,6,Rock
C19,Control,3,8,Rock
C19,Control,3,9,Rock
C19,Control,4,6,Rock
C19,Control,4,14,Rock
C19,Control,5,4,Rock
C19,Control,5,5,Rock
C19,Control,5,7,Rock
C19,Control,5,9,Rock
C19,Control,5,12,Rock
C19,Control,1,1,Shrub
C19,Control,1,2,Shrub
C19,Control,1,3,Shrub
C19,Control,1,4,Shrub
C19,Control,1,5,Shrub
C19,Control,1,9,Shrub
C19,Control,1,14,Shrub
C19,Control,2,1,Shrub
C19,Control,2,2,Shrub
C19,Control,2,3,Shrub
C19,Control,2,5,Shrub
C19,Control,2,8,Shrub
C19,Control,2,16,Shrub
C19,Control,2,19,Shrub
C19,Control,2,20,Shrub
C19,Control,3,7,Shrub
C19,Control,3,12,Shrub
C19,Control,3,13,Shrub
C19,Control,3,14,Shrub
C19,Control,3,17,Shrub
C19,Control,3,19,Shrub
C19,Control,3,20,Shrub
C19,Control,4,8,Shrub
C19,Control,4,17,Shrub
C19,Control,4,18,Shrub
C19,Control,4,20,Shrub
C19,Control,5,2,Shrub
C19,Control,5,15,Shrub
C19,Control,5,16,Shrub
C19,Control,5,20,Shrub
C19,Control,1,20,Tree
C19,Control,2,11,Tree
C19,Control,2,12,Tree
C19,Control,2,15,Tree
C19,Control,3,11,Tree
C19,Control,3,16,Tree
C19,Control,5,11,Tree
C19,Control,5,14,Tree
C19,Control,5,17,Tree
C19,Control,5,18,Tree
C19,Control,3,1,Tree
C19,Control,1,6,Wood
C19,Control,1,7,Wood
C19,Control,1,8,Wood
C19,Control,1,10,Wood
C19,Control,1,11,Wood
C19,Control,1,12,Wood
C19,Control,1,13,Wood
C19,Control,1,15,Wood
C19,Control,1,16,Wood
C19,Control,2,4,Wood
C19,Control,3,10,Wood
C19,Control,3,18,Wood
C19,Control,4,3,Wood
C19,Control,4,4,Wood
C19,Control,4,16,Wood
C19,Control,5,3,Wood
C19,Control,5,19,Wood
C20,Control,1,7,Litter
C20,Control,4,1,Litter
C20,Control,4,2,Litter
C20,Control,4,3,Litter
C20,Control,4,17,Litter
C20,Control,5,20,Litter
C20,Control,1,1,Rock
C20,Control,1,2,Rock
C20,Control,1,4,Rock
C20,Control,1,9,Rock
C20,Control,1,13,Rock
C20,Control,1,15,Rock
C20,Control,1,16,Rock
C20,Control,1,20,Rock
C20,Control,2,1,Rock
C20,Control,2,2,Rock
C20,Control,2,3,Rock
C20,Control,2,4,Rock
C20,Control,2,5,Rock
C20,Control,2,6,Rock
C20,Control,2,8,Rock
C20,Control,2,9,Rock
C20,Control,2,11,Rock
C20,Control,2,12,Rock
C20,Control,2,14,Rock
C20,Control,2,15,Rock
C20,Control,2,16,Rock
C20,Control,2,18,Rock
C20,Control,2,19,Rock
C20,Control,2,20,Rock
C20,Control,3,6,Rock
C20,Control,3,7,Rock
C20,Control,3,8,Rock
C20,Control,3,13,Rock
C20,Control,3,14,Rock
C20,Control,3,15,Rock
C20,Control,3,17,Rock
C20,Control,3,19,Rock
C20,Control,3,20,Rock
C20,Control,4,6,Rock
C20,Control,4,7,Rock
C20,Control,4,8,Rock
C20,Control,4,9,Rock
C20,Control,4,10,Rock
C20,Control,4,11,Rock
C20,Control,4,13,Rock
C20,Control,4,14,Rock
C20,Control,4,15,Rock
C20,Control,4,16,Rock
C20,Control,4,20,Rock
C20,Control,5,1,Rock
C20,Control,5,3,Rock
C20,Control,5,5,Rock
C20,Control,5,7,Rock
C20,Control,5,8,Rock
C20,Control,5,9,Rock
C20,Control,5,10,Rock
C20,Control,5,16,Rock
C20,Control,5,17,Rock
C20,Control,5,18,Rock
C20,Control,5,19,Rock
C20,Control,1,3,Shrub
C20,Control,1,8,Shrub
C20,Control,1,10,Shrub
C20,Control,1,11,Shrub
C20,Control,2,7,Shrub
C20,Control,3,12,Shrub
C20,Control,4,12,Shrub
C20,Control,4,19,Shrub
C20,Control,5,6,Shrub
C20,Control,5,11,Shrub
C20,Control,5,12,Shrub
C20,Control,5,13,Shrub
C20,Control,5,14,Shrub
C20,Control,1,5,Tree
C20,Control,1,6,Tree
C20,Control,1,12,Tree
C20,Control,1,14,Tree
C20,Control,1,17,Tree
C20,Control,1,18,Tree
C20,Control,1,19,Tree
C20,Control,2,10,Tree
C20,Control,2,13,Tree
C20,Control,2,17,Tree
C20,Control,3,1,Tree
C20,Control,3,2,Tree
C20,Control,3,5,Tree
C20,Control,3,9,Tree
C20,Control,3,10,Tree
C20,Control,3,11,Tree
C20,Control,3,16,Tree
C20,Control,3,18,Tree
C20,Control,4,4,Tree
C20,Control,4,5,Tree
C20,Control,4,18,Tree
C20,Control,5,2,Tree
C20,Control,5,4,Tree
C20,Control,5,15,Tree
C20,Control,3,3,Wood
C20,Control,3,4,Wood
C21,Control,1,4,Bare
C21,Control,1,13,Bare
C21,Control,1,14,Bare
C21,Control,2,8,Bare
C21,Control,2,9,Bare
C21,Control,2,11,Bare
C21,Control,4,6,Bare
C21,Control,4,8,Bare
C21,Control,4,10,Bare
C21,Control,5,3,Bare
C21,Control,5,4,Bare
C21,Control,5,5,Bare
C21,Control,5,10,Bare
C21,Control,5,15,Bare
C21,Control,5,16,Bare
C21,Control,5,17,Bare
C21,Control,1,1,Forb
C21,Control,1,2,Forb
C21,Control,1,3,Forb
C21,Control,1,5,Forb
C21,Control,1,6,Forb
C21,Control,1,7,Forb
C21,Control,1,8,Forb
C21,Control,1,9,Forb
C21,Control,1,10,Forb
C21,Control,1,15,Forb
C21,Control,2,3,Forb
C21,Control,2,10,Forb
C21,Control,2,13,Forb
C21,Control,2,17,Forb
C21,Control,3,11,Forb
C21,Control,3,13,Forb
C21,Control,4,7,Forb
C21,Control,4,9,Forb
C21,Control,4,11,Forb
C21,Control,5,2,Forb
C21,Control,5,7,Forb
C21,Control,5,20,Forb
C21,Control,1,11,Grass
C21,Control,1,12,Grass
C21,Control,2,6,Grass
C21,Control,2,12,Grass
C21,Control,3,12,Grass
C21,Control,3,14,Grass
C21,Control,3,16,Grass
C21,Control,5,1,Grass
C21,Control,5,6,Grass
C21,Control,5,9,Grass
C21,Control,5,14,Grass
C21,Control,5,18,Grass
C21,Control,5,19,Grass
C21,Control,1,16,Litter
C21,Control,1,17,Litter
C21,Control,1,18,Litter
C21,Control,1,19,Litter
C21,Control,1,20,Litter
C21,Control,2,1,Litter
C21,Control,2,2,Litter
C21,Control,2,7,Litter
C21,Control,2,18,Litter
C21,Control,2,19,Litter
C21,Control,3,1,Litter
C21,Control,3,2,Litter
C21,Control,3,3,Litter
C21,Control,3,10,Litter
C21,Control,3,18,Litter
C21,Control,3,19,Litter
C21,Control,3,20,Litter
C21,Control,4,1,Litter
C21,Control,4,2,Litter
C21,Control,4,13,Litter
C21,Control,4,14,Litter
C21,Control,4,15,Litter
C21,Control,4,17,Litter
C21,Control,2,20,Rock
C21,Control,3,15,Rock
C21,Control,3,17,Rock
C21,Control,4,12,Rock
C21,Control,4,18,Rock
C21,Control,4,19,Rock
C21,Control,2,15,Shrub
C21,Control,2,16,Shrub
C21,Control,3,8,Shrub
C21,Control,3,9,Shrub
C21,Control,4,3,Shrub
C21,Control,4,4,Shrub
C21,Control,5,8,Shrub
C21,Control,5,11,Shrub
C21,Control,5,12,Shrub
C21,Control,5,13,Shrub
C21,Control,2,4,Tree
C21,Control,2,5,Tree
C21,Control,2,14,Tree
C21,Control,3,4,Tree
C21,Control,3,5,Tree
C21,Control,3,6,Tree
C21,Control,3,7,Tree
C21,Control,4,5,Tree
C21,Control,4,20,Tree
C21,Control,4,16,Wood
C22,Control,5,11,Bare
C22,Control,1,2,Forb
C22,Control,1,7,Forb
C22,Control,2,6,Forb
C22,Control,3,17,Forb
C22,Control,4,19,Forb
C22,Control,4,20,Forb
C22,Control,5,4,Forb
C22,Control,5,6,Forb
C22,Control,1,12,Litter
C22,Control,1,13,Litter
C22,Control,1,16,Litter
C22,Control,1,17,Litter
C22,Control,1,19,Litter
C22,Control,1,20,Litter
C22,Control,2,5,Litter
C22,Control,3,2,Litter
C22,Control,3,3,Litter
C22,Control,3,12,Litter
C22,Control,3,13,Litter
C22,Control,3,16,Litter
C22,Control,3,19,Litter
C22,Control,4,13,Litter
C22,Control,4,17,Litter
C22,Control,5,2,Litter
C22,Control,5,5,Litter
C22,Control,5,10,Litter
C22,Control,5,12,Litter
C22,Control,5,13,Litter
C22,Control,5,14,Litter
C22,Control,2,11,Rock
C22,Control,1,3,Shrub
C22,Control,1,6,Shrub
C22,Control,1,8,Shrub
C22,Control,1,10,Shrub
C22,Control,1,14,Shrub
C22,Control,1,15,Shrub
C22,Control,2,2,Shrub
C22,Control,2,3,Shrub
C22,Control,2,10,Shrub
C22,Control,2,12,Shrub
C22,Control,2,13,Shrub
C22,Control,2,14,Shrub
C22,Control,2,15,Shrub
C22,Control,2,16,Shrub
C22,Control,2,17,Shrub
C22,Control,2,18,Shrub
C22,Control,2,19,Shrub
C22,Control,2,20,Shrub
C22,Control,3,1,Shrub
C22,Control,3,8,Shrub
C22,Control,3,9,Shrub
C22,Control,3,10,Shrub
C22,Control,3,11,Shrub
C22,Control,3,15,Shrub
C22,Control,3,18,Shrub
C22,Control,4,1,Shrub
C22,Control,4,6,Shrub
C22,Control,4,8,Shrub
C22,Control,4,9,Shrub
C22,Control,4,10,Shrub
C22,Control,4,18,Shrub
C22,Control,5,1,Shrub
C22,Control,5,3,Shrub
C22,Control,5,17,Shrub
C22,Control,1,1,Tree
C22,Control,1,5,Tree
C22,Control,1,18,Tree
C22,Control,2,1,Tree
C22,Control,2,7,Tree
C22,Control,2,8,Tree
C22,Control,3,4,Tree
C22,Control,3,5,Tree
C22,Control,3,6,Tree
C22,Control,3,14,Tree
C22,Control,3,20,Tree
C22,Control,4,2,Tree
C22,Control,4,3,Tree
C22,Control,4,4,Tree
C22,Control,4,11,Tree
C22,Control,4,14,Tree
C22,Control,4,15,Tree
C22,Control,5,7,Tree
C22,Control,5,18,Tree
C22,Control,5,19,Tree
C22,Control,5,20,Tree
C22,Control,1,4,Wood
C22,Control,1,9,Wood
C22,Control,1,11,Wood
C22,Control,2,4,Wood
C22,Control,2,9,Wood
C22,Control,3,7,Wood
C22,Control,4,5,Wood
C22,Control,4,7,Wood
C22,Control,4,12,Wood
C22,Control,4,16,Wood
C22,Control,5,8,Wood
C22,Control,5,9,Wood
C22,Control,5,15,Wood
C22,Control,5,16,Wood
C23,Control,2,5,Forb
C23,Control,3,12,Forb
C23,Control,4,5,Forb
C23,Control,4,9,Forb
C23,Control,5,3,Forb
C23,Control,5,9,Grass
C23,Control,5,13,Grass
C23,Control,1,1,Litter
C23,Control,1,2,Litter
C23,Control,1,7,Litter
C23,Control,1,8,Litter
C23,Control,1,10,Litter
C23,Control,1,12,Litter
C23,Control,1,14,Litter
C23,Control,1,16,Litter
C23,Control,1,17,Litter
C23,Control,1,18,Litter
C23,Control,2,1,Litter
C23,Control,2,6,Litter
C23,Control,2,7,Litter
C23,Control,2,8,Litter
C23,Control,2,9,Litter
C23,Control,2,11,Litter
C23,Control,2,13,Litter
C23,Control,2,14,Litter
C23,Control,2,15,Litter
C23,Control,2,16,Litter
C23,Control,2,17,Litter
C23,Control,2,18,Litter
C23,Control,2,19,Litter
C23,Control,2,20,Litter
C23,Control,3,1,Litter
C23,Control,3,3,Litter
C23,Control,3,4,Litter
C23,Control,3,6,Litter
C23,Control,3,7,Litter
C23,Control,3,8,Litter
C23,Control,3,9,Litter
C23,Control,3,10,Litter
C23,Control,3,13,Litter
C23,Control,3,14,Litter
C23,Control,3,15,Litter
C23,Control,3,16,Litter
C23,Control,3,18,Litter
C23,Control,4,2,Litter
C23,Control,4,3,Litter
C23,Control,4,4,Litter
C23,Control,4,6,Litter
C23,Control,4,7,Litter
C23,Control,4,8,Litter
C23,Control,4,10,Litter
C23,Control,4,11,Litter
C23,Control,4,12,Litter
C23,Control,4,13,Litter
C23,Control,4,14,Litter
C23,Control,4,15,Litter
C23,Control,4,16,Litter
C23,Control,4,17,Litter
C23,Control,4,18,Litter
C23,Control,4,19,Litter
C23,Control,4,20,Litter
C23,Control,5,1,Litter
C23,Control,5,2,Litter
C23,Control,5,4,Litter
C23,Control,5,5,Litter
C23,Control,5,6,Litter
C23,Control,5,8,Litter
C23,Control,5,10,Litter
C23,Control,5,11,Litter
C23,Control,5,12,Litter
C23,Control,5,17,Litter
C23,Control,5,18,Litter
C23,Control,5,19,Litter
C23,Control,5,20,Litter
C23,Control,1,3,Shrub
C23,Control,1,4,Shrub
C23,Control,1,5,Shrub
C23,Control,1,6,Shrub
C23,Control,1,13,Shrub
C23,Control,1,15,Shrub
C23,Control,1,19,Shrub
C23,Control,1,20,Shrub
C23,Control,2,2,Shrub
C23,Control,2,3,Shrub
C23,Control,3,2,Shrub
C23,Control,3,11,Shrub
C23,Control,5,14,Shrub
C23,Control,5,15,Shrub
C23,Control,5,16,Shrub
C23,Control,1,9,Tree
C23,Control,1,11,Tree
C23,Control,2,4,Tree
C23,Control,2,10,Tree
C23,Control,2,12,Tree
C23,Control,3,5,Tree
C23,Control,4,1,Tree
C23,Control,5,7,Tree
C23,Control,3,17,Wood
C23,Control,3,19,Wood
C23,Control,3,20,Wood
C24,Control,4,12,Bare
C24,Control,5,9,Bare
C24,Control,1,13,Forb
C24,Control,2,1,Forb
C24,Control,4,2,Forb
C24,Control,4,6,Forb
C24,Control,4,7,Forb
C24,Control,4,13,Forb
C24,Control,4,19,Forb
C24,Control,4,20,Forb
C24,Control,5,18,Forb
C24,Control,5,20,Forb
C24,Control,1,1,Litter
C24,Control,1,2,Litter
C24,Control,1,3,Litter
C24,Control,1,4,Litter
C24,Control,1,5,Litter
C24,Control,1,6,Litter
C24,Control,1,7,Litter
C24,Control,1,8,Litter
C24,Control,1,10,Litter
C24,Control,1,11,Litter
C24,Control,1,12,Litter
C24,Control,1,14,Litter
C24,Control,1,16,Litter
C24,Control,1,17,Litter
C24,Control,1,18,Litter
C24,Control,1,19,Litter
C24,Control,1,20,Litter
C24,Control,2,3,Litter
C24,Control,2,4,Litter
C24,Control,2,5,Litter
C24,Control,2,6,Litter
C24,Control,2,7,Litter
C24,Control,2,8,Litter
C24,Control,2,9,Litter
C24,Control,2,10,Litter
C24,Control,2,11,Litter
C24,Control,2,12,Litter
C24,Control,2,14,Litter
C24,Control,3,1,Litter
C24,Control,3,2,Litter
C24,Control,3,3,Litter
C24,Control,3,5,Litter
C24,Control,3,7,Litter
C24,Control,3,8,Litter
C24,Control,3,9,Litter
C24,Control,3,10,Litter
C24,Control,3,11,Litter
C24,Control,3,12,Litter
C24,Control,3,14,Litter
C24,Control,3,15,Litter
C24,Control,3,16,Litter
C24,Control,3,17,Litter
C24,Control,3,18,Litter
C24,Control,4,1,Litter
C24,Control,4,4,Litter
C24,Control,4,5,Litter
C24,Control,4,9,Litter
C24,Control,4,11,Litter
C24,Control,4,14,Litter
C24,Control,4,15,Litter
C24,Control,4,16,Litter
C24,Control,4,17,Litter
C24,Control,4,18,Litter
C24,Control,5,1,Litter
C24,Control,5,2,Litter
C24,Control,5,3,Litter
C24,Control,5,5,Litter
C24,Control,5,6,Litter
C24,Control,5,7,Litter
C24,Control,5,8,Litter
C24,Control,5,10,Litter
C24,Control,5,11,Litter
C24,Control,5,12,Litter
C24,Control,5,13,Litter
C24,Control,5,14,Litter
C24,Control,5,15,Litter
C24,Control,5,16,Litter
C24,Control,5,17,Litter
C24,Control,2,13,Shrub
C24,Control,2,15,Shrub
C24,Control,2,17,Shrub
C24,Control,2,18,Shrub
C24,Control,2,19,Shrub
C24,Control,2,20,Shrub
C24,Control,3,19,Shrub
C24,Control,3,20,Shrub
C24,Control,5,19,Shrub
C24,Control,1,9,Tree
C24,Control,1,15,Tree
C24,Control,3,4,Tree
C24,Control,3,13,Tree
C24,Control,4,3,Tree
C24,Control,4,8,Tree
C24,Control,4,10,Tree
C24,Control,2,2,Wood
C24,Control,2,16,Wood
C24,Control,3,6,Wood
C24,Control,5,4,Wood
C25,Control,2,12,Forb
C25,Control,3,20,Forb
C25,Control,2,3,Grass
C25,Control,4,9,Grass
C25,Control,1,1,Litter
C25,Control,1,4,Litter
C25,Control,1,5,Litter
C25,Control,1,6,Litter
C25,Control,1,7,Litter
C25,Control,1,8,Litter
C25,Control,1,9,Litter
C25,Control,1,10,Litter
C25,Control,1,11,Litter
C25,Control,1,12,Litter
C25,Control,1,14,Litter
C25,Control,1,15,Litter
C25,Control,1,16,Litter
C25,Control,1,17,Litter
C25,Control,1,18,Litter
C25,Control,1,19,Litter
C25,Control,1,20,Litter
C25,Control,2,1,Litter
C25,Control,2,2,Litter
C25,Control,2,5,Litter
C25,Control,2,6,Litter
C25,Control,2,7,Litter
C25,Control,2,8,Litter
C25,Control,2,9,Litter
C25,Control,2,10,Litter
C25,Control,2,11,Litter
C25,Control,2,13,Litter
C25,Control,2,14,Litter
C25,Control,2,15,Litter
C25,Control,2,16,Litter
C25,Control,2,17,Litter
C25,Control,2,18,Litter
C25,Control,2,19,Litter
C25,Control,2,20,Litter
C25,Control,3,1,Litter
C25,Control,3,2,Litter
C25,Control,3,3,Litter
C25,Control,3,4,Litter
C25,Control,3,5,Litter
C25,Control,3,6,Litter
C25,Control,3,8,Litter
C25,Control,3,9,Litter
C25,Control,3,10,Litter
C25,Control,3,11,Litter
C25,Control,3,13,Litter
C25,Control,3,15,Litter
C25,Control,3,16,Litter
C25,Control,3,17,Litter
C25,Control,3,18,Litter
C25,Control,3,19,Litter
C25,Control,4,1,Litter
C25,Control,4,2,Litter
C25,Control,4,3,Litter
C25,Control,4,4,Litter
C25,Control,4,5,Litter
C25,Control,4,6,Litter
C25,Control,4,7,Litter
C25,Control,4,8,Litter
C25,Control,4,10,Litter
C25,Control,4,11,Litter
C25,Control,4,12,Litter
C25,Control,4,13,Litter
C25,Control,4,14,Litter
C25,Control,4,16,Litter
C25,Control,4,17,Litter
C25,Control,4,18,Litter
C25,Control,5,1,Litter
C25,Control,5,2,Litter
C25,Control,5,3,Litter
C25,Control,5,4,Litter
C25,Control,5,6,Litter
C25,Control,5,7,Litter
C25,Control,5,8,Litter
C25,Control,5,9,Litter
C25,Control,5,10,Litter
C25,Control,5,11,Litter
C25,Control,5,12,Litter
C25,Control,5,13,Litter
C25,Control,5,14,Litter
C25,Control,5,15,Litter
C25,Control,5,16,Litter
C25,Control,5,17,Litter
C25,Control,5,18,Litter
C25,Control,5,20,Litter
C25,Control,1,13,Shrub
C25,Control,4,20,Shrub
C25,Control,1,2,Tree
C25,Control,1,3,Tree
C25,Control,2,4,Tree
C25,Control,3,7,Tree
C25,Control,3,12,Tree
C25,Control,3,14,Tree
C25,Control,4,15,Tree
C25,Control,4,19,Tree
C25,Control,5,5,Tree
C25,Control,5,19,Tree
C26,Control,5,5,Forb
C26,Control,3,18,Grass
C26,Control,3,19,Grass
C26,Control,3,20,Grass
C26,Control,4,9,Grass
C26,Control,1,2,Litter
C26,Control,1,4,Litter
C26,Control,1,5,Litter
C26,Control,1,6,Litter
C26,Control,1,9,Litter
C26,Control,1,10,Litter
C26,Control,1,16,Litter
C26,Control,1,17,Litter
C26,Control,1,18,Litter
C26,Control,1,19,Litter
C26,Control,1,20,Litter
C26,Control,2,1,Litter
C26,Control,2,2,Litter
C26,Control,2,3,Litter
C26,Control,2,4,Litter
C26,Control,2,5,Litter
C26,Control,2,6,Litter
C26,Control,2,7,Litter
C26,Control,2,8,Litter
C26,Control,2,9,Litter
C26,Control,2,10,Litter
C26,Control,2,12,Litter
C26,Control,2,13,Litter
C26,Control,2,14,Litter
C26,Control,2,19,Litter
C26,Control,2,20,Litter
C26,Control,3,1,Litter
C26,Control,3,2,Litter
C26,Control,3,3,Litter
C26,Control,3,4,Litter
C26,Control,3,5,Litter
C26,Control,3,6,Litter
C26,Control,3,8,Litter
C26,Control,3,9,Litter
C26,Control,3,11,Litter
C26,Control,3,12,Litter
C26,Control,3,13,Litter
C26,Control,3,14,Litter
C26,Control,3,15,Litter
C26,Control,3,16,Litter
C26,Control,4,1,Litter
C26,Control,4,2,Litter
C26,Control,4,3,Litter
C26,Control,4,4,Litter
C26,Control,4,5,Litter
C26,Control,4,6,Litter
C26,Control,4,7,Litter
C26,Control,4,8,Litter
C26,Control,4,10,Litter
C26,Control,4,11,Litter
C26,Control,4,12,Litter
C26,Control,4,13,Litter
C26,Control,4,14,Litter
C26,Control,4,15,Litter
C26,Control,4,16,Litter
C26,Control,4,17,Litter
C26,Control,4,18,Litter
C26,Control,4,19,Litter
C26,Control,4,20,Litter
C26,Control,5,1,Litter
C26,Control,5,2,Litter
C26,Control,5,3,Litter
C26,Control,5,4,Litter
C26,Control,5,6,Litter
C26,Control,5,7,Litter
C26,Control,5,10,Litter
C26,Control,5,11,Litter
C26,Control,5,12,Litter
C26,Control,5,13,Litter
C26,Control,5,14,Litter
C26,Control,5,15,Litter
C26,Control,5,19,Litter
C26,Control,5,20,Litter
C26,Control,1,12,Shrub
C26,Control,1,13,Shrub
C26,Control,1,14,Shrub
C26,Control,5,8,Shrub
C26,Control,5,9,Shrub
C26,Control,5,17,Shrub
C26,Control,5,18,Shrub
C26,Control,1,1,Tree
C26,Control,1,3,Tree
C26,Control,1,7,Tree
C26,Control,1,8,Tree
C26,Control,1,11,Tree
C26,Control,2,15,Tree
C26,Control,2,16,Tree
C26,Control,2,17,Tree
C26,Control,3,7,Tree
C26,Control,3,10,Tree
C26,Control,1,15,Wood
C26,Control,2,11,Wood
C26,Control,2,18,Wood
C26,Control,3,17,Wood
C26,Control,5,16,Wood
C27,Control,3,6,Bare
C27,Control,3,13,Bare
C27,Control,5,10,Bare
C27,Control,5,11,Bare
C27,Control,5,12,Bare
C27,Control,5,13,Bare
C27,Control,5,14,Bare
C27,Control,1,2,Forb
C27,Control,1,3,Forb
C27,Control,1,10,Forb
C27,Control,1,12,Forb
C27,Control,1,19,Forb
C27,Control,2,1,Forb
C27,Control,2,2,Forb
C27,Control,2,3,Forb
C27,Control,2,4,Forb
C27,Control,2,6,Forb
C27,Control,2,7,Forb
C27,Control,2,12,Forb
C27,Control,2,16,Forb
C27,Control,2,19,Forb
C27,Control,3,1,Forb
C27,Control,3,2,Forb
C27,Control,3,4,Forb
C27,Control,3,7,Forb
C27,Control,3,8,Forb
C27,Control,3,12,Forb
C27,Control,3,20,Forb
C27,Control,4,1,Forb
C27,Control,4,2,Forb
C27,Control,4,5,Forb
C27,Control,4,10,Forb
C27,Control,4,17,Forb
C27,Control,4,18,Forb
C27,Control,4,19,Forb
C27,Control,4,20,Forb
C27,Control,5,1,Forb
C27,Control,5,9,Forb
C27,Control,5,15,Forb
C27,Control,5,18,Forb
C27,Control,1,4,Grass
C27,Control,1,5,Grass
C27,Control,1,6,Grass
C27,Control,1,7,Grass
C27,Control,1,8,Grass
C27,Control,1,9,Grass
C27,Control,1,17,Grass
C27,Control,1,18,Grass
C27,Control,1,20,Grass
C27,Control,2,13,Grass
C27,Control,2,14,Grass
C27,Control,2,15,Grass
C27,Control,2,17,Grass
C27,Control,2,18,Grass
C27,Control,3,5,Grass
C27,Control,3,9,Grass
C27,Control,3,10,Grass
C27,Control,3,11,Grass
C27,Control,3,14,Grass
C27,Control,3,16,Grass
C27,Control,4,3,Grass
C27,Control,4,6,Grass
C27,Control,4,7,Grass
C27,Control,4,8,Grass
C27,Control,4,9,Grass
C27,Control,5,16,Grass
C27,Control,5,17,Grass
C27,Control,5,19,Grass
C27,Control,5,20,Grass
C27,Control,1,1,Litter
C27,Control,1,11,Litter
C27,Control,2,11,Litter
C27,Control,3,3,Litter
C27,Control,4,12,Litter
C27,Control,4,13,Litter
C27,Control,4,14,Litter
C27,Control,4,15,Litter
C27,Control,4,16,Litter
C27,Control,5,3,Litter
C27,Control,5,4,Litter
C27,Control,5,6,Litter
C27,Control,5,7,Litter
C27,Control,5,8,Litter
C27,Control,1,13,Shrub
C27,Control,1,14,Shrub
C27,Control,1,15,Shrub
C27,Control,1,16,Shrub
C27,Control,2,5,Shrub
C27,Control,2,8,Shrub
C27,Control,2,9,Shrub
C27,Control,2,10,Shrub
C27,Control,2,20,Shrub
C27,Control,3,17,Shrub
C27,Control,3,18,Shrub
C27,Control,3,19,Shrub
C27,Control,4,4,Shrub
C27,Control,4,11,Tree
C27,Control,5,2,Tree
C27,Control,5,5,Tree
C27,Control,3,15,Wood
C28,Control,1,15,Bare
C28,Control,1,16,Bare
C28,Control,2,6,Bare
C28,Control,2,7,Bare
C28,Control,2,8,Bare
C28,Control,2,9,Bare
C28,Control,2,10,Bare
C28,Control,2,11,Bare
C28,Control,2,12,Bare
C28,Control,2,13,Bare
C28,Control,2,16,Bare
C28,Control,2,18,Bare
C28,Control,2,19,Bare
C28,Control,2,20,Bare
C28,Control,3,6,Bare
C28,Control,1,5,Forb
C28,Control,1,20,Forb
C28,Control,2,15,Forb
C28,Control,2,17,Forb
C28,Control,4,9,Forb
C28,Control,4,11,Forb
C28,Control,4,12,Forb
C28,Control,5,6,Forb
C28,Control,1,9,Grass
C28,Control,1,14,Grass
C28,Control,3,16,Grass
C28,Control,3,17,Grass
C28,Control,3,18,Grass
C28,Control,3,19,Grass
C28,Control,3,20,Grass
C28,Control,4,14,Grass
C28,Control,4,15,Grass
C28,Control,5,3,Grass
C28,Control,5,18,Grass
C28,Control,5,19,Grass
C28,Control,1,1,Litter
C28,Control,1,2,Litter
C28,Control,1,4,Litter
C28,Control,1,7,Litter
C28,Control,1,8,Litter
C28,Control,1,11,Litter
C28,Control,1,13,Litter
C28,Control,2,1,Litter
C28,Control,2,2,Litter
C28,Control,2,3,Litter
C28,Control,2,4,Litter
C28,Control,2,5,Litter
C28,Control,3,1,Litter
C28,Control,3,2,Litter
C28,Control,3,3,Litter
C28,Control,3,5,Litter
C28,Control,3,7,Litter
C28,Control,3,8,Litter
C28,Control,3,9,Litter
C28,Control,3,10,Litter
C28,Control,3,11,Litter
C28,Control,3,12,Litter
C28,Control,3,13,Litter
C28,Control,3,14,Litter
C28,Control,3,15,Litter
C28,Control,4,1,Litter
C28,Control,4,2,Litter
C28,Control,4,3,Litter
C28,Control,4,4,Litter
C28,Control,4,5,Litter
C28,Control,4,7,Litter
C28,Control,4,16,Litter
C28,Control,4,17,Litter
C28,Control,4,18,Litter
C28,Control,4,19,Litter
C28,Control,4,20,Litter
C28,Control,5,2,Litter
C28,Control,5,7,Litter
C28,Control,5,8,Litter
C28,Control,5,9,Litter
C28,Control,5,10,Litter
C28,Control,5,11,Litter
C28,Control,5,12,Litter
C28,Control,5,13,Litter
C28,Control,5,14,Litter
C28,Control,5,15,Litter
C28,Control,5,16,Litter
C28,Control,5,17,Litter
C28,Control,1,17,Shrub
C28,Control,1,18,Shrub
C28,Control,1,19,Shrub
C28,Control,2,14,Tree
C28,Control,5,1,Tree
C28,Control,5,4,Tree
C28,Control,5,5,Tree
C28,Control,5,20,Tree
C28,Control,1,3,Wood
C28,Control,1,6,Wood
C28,Control,1,10,Wood
C28,Control,1,12,Wood
C28,Control,3,4,Wood
C28,Control,4,6,Wood
C28,Control,4,8,Wood
C28,Control,4,10,Wood
C28,Control,4,13,Wood
C29,Control,1,11,Forb
C29,Control,5,12,Forb
C29,Control,3,8,Grass
C29,Control,4,2,Grass
C29,Control,1,1,Litter
C29,Control,1,10,Litter
C29,Control,1,13,Litter
C29,Control,1,15,Litter
C29,Control,1,17,Litter
C29,Control,1,18,Litter
C29,Control,2,1,Litter
C29,Control,2,2,Litter
C29,Control,2,3,Litter
C29,Control,2,10,Litter
C29,Control,2,17,Litter
C29,Control,2,19,Litter
C29,Control,3,1,Litter
C29,Control,3,2,Litter
C29,Control,3,3,Litter
C29,Control,3,5,Litter
C29,Control,3,6,Litter
C29,Control,3,7,Litter
C29,Control,3,9,Litter
C29,Control,3,10,Litter
C29,Control,3,14,Litter
C29,Control,3,15,Litter
C29,Control,3,16,Litter
C29,Control,3,17,Litter
C29,Control,3,18,Litter
C29,Control,3,19,Litter
C29,Control,3,20,Litter
C29,Control,4,1,Litter
C29,Control,4,4,Litter
C29,Control,4,5,Litter
C29,Control,4,6,Litter
C29,Control,4,7,Litter
C29,Control,4,8,Litter
C29,Control,4,10,Litter
C29,Control,4,14,Litter
C29,Control,4,16,Litter
C29,Control,4,17,Litter
C29,Control,4,18,Litter
C29,Control,5,1,Litter
C29,Control,5,2,Litter
C29,Control,5,3,Litter
C29,Control,5,4,Litter
C29,Control,5,5,Litter
C29,Control,5,6,Litter
C29,Control,5,8,Litter
C29,Control,5,10,Litter
C29,Control,5,11,Litter
C29,Control,1,2,Shrub
C29,Control,1,3,Shrub
C29,Control,1,12,Shrub
C29,Control,2,18,Shrub
C29,Control,3,11,Shrub
C29,Control,3,13,Shrub
C29,Control,4,11,Shrub
C29,Control,4,13,Shrub
C29,Control,4,19,Shrub
C29,Control,1,4,Tree
C29,Control,1,5,Tree
C29,Control,1,6,Tree
C29,Control,1,7,Tree
C29,Control,1,8,Tree
C29,Control,1,9,Tree
C29,Control,1,19,Tree
C29,Control,1,20,Tree
C29,Control,2,4,Tree
C29,Control,2,5,Tree
C29,Control,2,6,Tree
C29,Control,2,7,Tree
C29,Control,2,8,Tree
C29,Control,2,9,Tree
C29,Control,2,11,Tree
C29,Control,2,12,Tree
C29,Control,2,13,Tree
C29,Control,2,14,Tree
C29,Control,2,15,Tree
C29,Control,2,16,Tree
C29,Control,2,20,Tree
C29,Control,3,4,Tree
C29,Control,4,3,Tree
C29,Control,4,9,Tree
C29,Control,4,12,Tree
C29,Control,5,9,Tree
C29,Control,5,13,Tree
C29,Control,5,14,Tree
C29,Control,5,15,Tree
C29,Control,5,16,Tree
C29,Control,5,17,Tree
C29,Control,5,18,Tree
C29,Control,5,19,Tree
C29,Control,5,20,Tree
C29,Control,1,14,Wood
C29,Control,1,16,Wood
C29,Control,3,12,Wood
C29,Control,4,15,Wood
C29,Control,4,20,Wood
C29,Control,5,7,Wood
C30,Control,5,5,Bare
C30,Control,2,20,Forb
C30,Control,5,6,Forb
C30,Control,5,7,Forb
C30,Control,5,1,Grass
C30,Control,1,1,Litter
C30,Control,1,2,Litter
C30,Control,1,4,Litter
C30,Control,1,5,Litter
C30,Control,1,6,Litter
C30,Control,1,7,Litter
C30,Control,1,9,Litter
C30,Control,1,10,Litter
C30,Control,1,13,Litter
C30,Control,1,15,Litter
C30,Control,2,1,Litter
C30,Control,2,2,Litter
C30,Control,2,3,Litter
C30,Control,2,4,Litter
C30,Control,2,5,Litter
C30,Control,2,7,Litter
C30,Control,2,8,Litter
C30,Control,2,9,Litter
C30,Control,2,13,Litter
C30,Control,2,15,Litter
C30,Control,2,16,Litter
C30,Control,3,1,Litter
C30,Control,3,2,Litter
C30,Control,3,5,Litter
C30,Control,3,7,Litter
C30,Control,3,8,Litter
C30,Control,4,1,Litter
C30,Control,4,2,Litter
C30,Control,4,4,Litter
C30,Control,5,2,Litter
C30,Control,5,3,Litter
C30,Control,5,4,Litter
C30,Control,5,8,Litter
C30,Control,5,9,Litter
C30,Control,5,11,Litter
C30,Control,2,17,Litter
C30,Control,2,18,Litter
C30,Control,2,19,Litter
C30,Control,3,13,Litter
C30,Control,5,14,Rock
C30,Control,5,16,Rock
C30,Control,5,17,Rock
C30,Control,5,18,Rock
C30,Control,5,19,Rock
C30,Control,1,17,Shrub
C30,Control,1,18,Shrub
C30,Control,3,11,Shrub
C30,Control,3,12,Shrub
C30,Control,5,20,Shrub
C30,Control,1,3,Tree
C30,Control,1,8,Tree
C30,Control,1,12,Tree
C30,Control,1,14,Tree
C30,Control,2,6,Tree
C30,Control,2,10,Tree
C30,Control,3,6,Tree
C30,Control,3,9,Tree
C30,Control,3,14,Tree
C30,Control,3,16,Tree
C30,Control,3,17,Tree
C30,Control,3,18,Tree
C30,Control,3,19,Tree
C30,Control,3,20,Tree
C30,Control,4,3,Tree
C30,Control,5,10,Tree
C30,Control,5,12,Tree
C30,Control,5,13,Tree
C30,Control,5,15,Tree
C30,Control,1,11,Wood
C30,Control,1,16,Wood
C30,Control,1,19,Wood
C30,Control,1,20,Wood
C30,Control,2,11,Wood
C30,Control,2,12,Wood
C30,Control,2,14,Wood
C30,Control,3,3,Wood
C30,Control,3,4,Wood
C30,Control,3,10,Wood
C30,Control,3,15,Wood
C30,Control,4,5,Wood
C30,Control,4,6,Wood
C30,Control,4,7,Wood
C30,Control,4,8,Wood
C30,Control,4,9,Wood
C30,Control,4,10,Wood
C30,Control,4,11,Wood
C30,Control,4,12,Wood
C30,Control,4,13,Wood
C30,Control,4,14,Wood
C30,Control,4,15,Wood
C30,Control,4,16,Wood
C30,Control,4,17,Wood
C30,Control,4,18,Wood
C30,Control,4,19,Wood
C30,Control,4,20,Wood
T1,Thinned,1,1,Bare
T1,Thinned,1,2,Bare
T1,Thinned,1,15,Bare
T1,Thinned,1,16,Bare
T1,Thinned,1,17,Bare
T1,Thinned,1,18,Bare
T1,Thinned,1,19,Bare
T1,Thinned,3,10,Bare
T1,Thinned,3,13,Bare
T1,Thinned,3,14,Bare
T1,Thinned,3,17,Bare
T1,Thinned,4,12,Bare
T1,Thinned,1,11,Forb
T1,Thinned,1,13,Forb
T1,Thinned,1,14,Forb
T1,Thinned,5,4,Forb
T1,Thinned,5,7,Forb
T1,Thinned,5,9,Forb
T1,Thinned,5,12,Forb
T1,Thinned,2,13,Grass
T1,Thinned,1,3,Litter
T1,Thinned,1,4,Litter
T1,Thinned,1,5,Litter
T1,Thinned,1,6,Litter
T1,Thinned,1,7,Litter
T1,Thinned,1,8,Litter
T1,Thinned,1,10,Litter
T1,Thinned,1,12,Litter
T1,Thinned,2,1,Litter
T1,Thinned,2,3,Litter
T1,Thinned,2,4,Litter
T1,Thinned,2,5,Litter
T1,Thinned,2,6,Litter
T1,Thinned,2,10,Litter
T1,Thinned,2,11,Litter
T1,Thinned,2,15,Litter
T1,Thinned,2,18,Litter
T1,Thinned,2,19,Litter
T1,Thinned,3,1,Litter
T1,Thinned,3,2,Litter
T1,Thinned,3,4,Litter
T1,Thinned,3,5,Litter
T1,Thinned,3,6,Litter
T1,Thinned,3,7,Litter
T1,Thinned,3,8,Litter
T1,Thinned,3,11,Litter
T1,Thinned,3,12,Litter
T1,Thinned,3,15,Litter
T1,Thinned,4,1,Litter
T1,Thinned,4,2,Litter
T1,Thinned,4,3,Litter
T1,Thinned,4,10,Litter
T1,Thinned,5,1,Litter
T1,Thinned,5,2,Litter
T1,Thinned,5,5,Litter
T1,Thinned,5,8,Litter
T1,Thinned,5,10,Litter
T1,Thinned,5,13,Litter
T1,Thinned,2,7,Rock
T1,Thinned,2,17,Rock
T1,Thinned,3,16,Rock
T1,Thinned,3,18,Rock
T1,Thinned,1,9,Shrub
T1,Thinned,1,20,Shrub
T1,Thinned,2,14,Shrub
T1,Thinned,2,16,Shrub
T1,Thinned,2,20,Shrub
T1,Thinned,3,3,Shrub
T1,Thinned,3,20,Shrub
T1,Thinned,4,4,Shrub
T1,Thinned,4,5,Shrub
T1,Thinned,4,6,Shrub
T1,Thinned,4,7,Shrub
T1,Thinned,4,8,Shrub
T1,Thinned,4,9,Shrub
T1,Thinned,4,11,Shrub
T1,Thinned,4,13,Shrub
T1,Thinned,4,14,Shrub
T1,Thinned,4,15,Shrub
T1,Thinned,4,16,Shrub
T1,Thinned,4,17,Shrub
T1,Thinned,4,18,Shrub
T1,Thinned,4,19,Shrub
T1,Thinned,4,20,Shrub
T1,Thinned,5,6,Shrub
T1,Thinned,5,11,Shrub
T1,Thinned,5,14,Shrub
T1,Thinned,5,15,Shrub
T1,Thinned,2,2,Tree
T1,Thinned,2,12,Tree
T1,Thinned,2,8,Wood
T1,Thinned,2,9,Wood
T1,Thinned,3,9,Wood
T1,Thinned,3,19,Wood
T1,Thinned,5,3,Wood
T1,Thinned,5,16,Wood
T1,Thinned,5,17,Wood
T1,Thinned,5,18,Wood
T1,Thinned,5,19,Wood
T1,Thinned,5,20,Wood
T10,Thinned,1,13,Bare
T10,Thinned,1,14,Bare
T10,Thinned,1,19,Forb
T10,Thinned,2,3,Forb
T10,Thinned,4,5,Forb
T10,Thinned,4,6,Forb
T10,Thinned,4,7,Forb
T10,Thinned,5,20,Forb
T10,Thinned,2,11,Grass
T10,Thinned,3,6,Grass
T10,Thinned,4,11,Grass
T10,Thinned,4,17,Grass
T10,Thinned,4,18,Grass
T10,Thinned,1,1,Litter
T10,Thinned,1,2,Litter
T10,Thinned,1,3,Litter
T10,Thinned,1,4,Litter
T10,Thinned,1,6,Litter
T10,Thinned,1,7,Litter
T10,Thinned,1,8,Litter
T10,Thinned,1,10,Litter
T10,Thinned,1,11,Litter
T10,Thinned,1,12,Litter
T10,Thinned,1,16,Litter
T10,Thinned,1,18,Litter
T10,Thinned,1,20,Litter
T10,Thinned,2,1,Litter
T10,Thinned,2,2,Litter
T10,Thinned,2,4,Litter
T10,Thinned,2,5,Litter
T10,Thinned,2,7,Litter
T10,Thinned,2,8,Litter
T10,Thinned,2,9,Litter
T10,Thinned,2,10,Litter
T10,Thinned,2,13,Litter
T10,Thinned,2,14,Litter
T10,Thinned,2,15,Litter
T10,Thinned,2,17,Litter
T10,Thinned,2,18,Litter
T10,Thinned,2,19,Litter
T10,Thinned,2,20,Litter
T10,Thinned,3,1,Litter
T10,Thinned,3,2,Litter
T10,Thinned,3,3,Litter
T10,Thinned,3,4,Litter
T10,Thinned,3,5,Litter
T10,Thinned,3,10,Litter
T10,Thinned,3,11,Litter
T10,Thinned,3,13,Litter
T10,Thinned,3,14,Litter
T10,Thinned,3,20,Litter
T10,Thinned,4,1,Litter
T10,Thinned,4,2,Litter
T10,Thinned,4,3,Litter
T10,Thinned,4,4,Litter
T10,Thinned,4,12,Litter
T10,Thinned,4,13,Litter
T10,Thinned,4,14,Litter
T10,Thinned,4,15,Litter
T10,Thinned,4,16,Litter
T10,Thinned,4,19,Litter
T10,Thinned,5,1,Litter
T10,Thinned,5,2,Litter
T10,Thinned,5,4,Litter
T10,Thinned,5,5,Litter
T10,Thinned,5,6,Litter
T10,Thinned,5,8,Litter
T10,Thinned,5,9,Litter
T10,Thinned,5,10,Litter
T10,Thinned,5,12,Litter
T10,Thinned,5,13,Litter
T10,Thinned,5,14,Litter
T10,Thinned,5,15,Litter
T10,Thinned,5,19,Litter
T10,Thinned,1,9,Shrub
T10,Thinned,1,17,Shrub
T10,Thinned,3,7,Shrub
T10,Thinned,3,8,Shrub
T10,Thinned,3,9,Shrub
T10,Thinned,3,12,Shrub
T10,Thinned,3,15,Shrub
T10,Thinned,3,16,Shrub
T10,Thinned,3,17,Shrub
T10,Thinned,3,18,Shrub
T10,Thinned,3,19,Shrub
T10,Thinned,5,3,Shrub
T10,Thinned,5,7,Shrub
T10,Thinned,5,16,Shrub
T10,Thinned,5,17,Shrub
T10,Thinned,5,18,Shrub
T10,Thinned,1,5,Tree
T10,Thinned,2,12,Tree
T10,Thinned,4,8,Tree
T10,Thinned,4,9,Tree
T10,Thinned,4,10,Tree
T10,Thinned,4,20,Tree
T10,Thinned,5,11,Tree
T10,Thinned,1,15,Wood
T10,Thinned,2,6,Wood
T10,Thinned,2,16,Wood
T11,Thinned,5,10,Bare
T11,Thinned,5,11,Bare
T11,Thinned,1,14,Forb
T11,Thinned,1,18,Forb
T11,Thinned,2,3,Forb
T11,Thinned,2,10,Forb
T11,Thinned,2,11,Forb
T11,Thinned,2,12,Forb
T11,Thinned,2,13,Forb
T11,Thinned,2,14,Forb
T11,Thinned,2,17,Forb
T11,Thinned,2,19,Forb
T11,Thinned,2,20,Forb
T11,Thinned,3,7,Forb
T11,Thinned,3,10,Forb
T11,Thinned,3,11,Forb
T11,Thinned,3,15,Forb
T11,Thinned,4,4,Forb
T11,Thinned,4,6,Forb
T11,Thinned,4,8,Forb
T11,Thinned,4,11,Forb
T11,Thinned,5,8,Forb
T11,Thinned,5,13,Forb
T11,Thinned,1,4,Grass
T11,Thinned,1,5,Grass
T11,Thinned,1,12,Grass
T11,Thinned,1,13,Grass
T11,Thinned,2,6,Grass
T11,Thinned,3,2,Grass
T11,Thinned,3,8,Grass
T11,Thinned,3,9,Grass
T11,Thinned,3,14,Grass
T11,Thinned,3,16,Grass
T11,Thinned,4,5,Grass
T11,Thinned,4,7,Grass
T11,Thinned,4,12,Grass
T11,Thinned,4,16,Grass
T11,Thinned,4,17,Grass
T11,Thinned,4,20,Grass
T11,Thinned,5,7,Grass
T11,Thinned,5,20,Grass
T11,Thinned,1,6,Litter
T11,Thinned,1,7,Litter
T11,Thinned,1,19,Litter
T11,Thinned,2,1,Litter
T11,Thinned,2,2,Litter
T11,Thinned,2,4,Litter
T11,Thinned,2,5,Litter
T11,Thinned,2,7,Litter
T11,Thinned,2,8,Litter
T11,Thinned,2,9,Litter
T11,Thinned,2,15,Litter
T11,Thinned,2,16,Litter
T11,Thinned,3,1,Litter
T11,Thinned,3,4,Litter
T11,Thinned,3,5,Litter
T11,Thinned,3,6,Litter
T11,Thinned,3,13,Litter
T11,Thinned,4,1,Litter
T11,Thinned,4,2,Litter
T11,Thinned,4,3,Litter
T11,Thinned,4,9,Litter
T11,Thinned,4,10,Litter
T11,Thinned,4,13,Litter
T11,Thinned,4,14,Litter
T11,Thinned,4,15,Litter
T11,Thinned,4,18,Litter
T11,Thinned,5,4,Litter
T11,Thinned,5,5,Litter
T11,Thinned,5,6,Litter
T11,Thinned,5,12,Litter
T11,Thinned,5,16,Litter
T11,Thinned,5,17,Litter
T11,Thinned,1,1,Shrub
T11,Thinned,1,2,Shrub
T11,Thinned,1,3,Shrub
T11,Thinned,1,11,Shrub
T11,Thinned,5,1,Shrub
T11,Thinned,5,2,Shrub
T11,Thinned,5,3,Shrub
T11,Thinned,1,8,Tree
T11,Thinned,1,9,Tree
T11,Thinned,1,10,Tree
T11,Thinned,5,9,Tree
T11,Thinned,5,14,Tree
T11,Thinned,5,15,Tree
T11,Thinned,5,18,Tree
T11,Thinned,5,19,Tree
T11,Thinned,1,15,Wood
T11,Thinned,1,16,Wood
T11,Thinned,1,17,Wood
T11,Thinned,1,20,Wood
T11,Thinned,2,18,Wood
T11,Thinned,3,3,Wood
T11,Thinned,3,12,Wood
T11,Thinned,3,17,Wood
T11,Thinned,3,18,Wood
T11,Thinned,3,19,Wood
T11,Thinned,3,20,Wood
T11,Thinned,4,19,Wood
T12,Thinned,1,20,Bare
T12,Thinned,2,8,Bare
T12,Thinned,3,9,Bare
T12,Thinned,4,4,Bare
T12,Thinned,5,6,Bare
T12,Thinned,5,13,Bare
T12,Thinned,5,14,Bare
T12,Thinned,5,15,Bare
T12,Thinned,5,16,Bare
T12,Thinned,5,18,Bare
T12,Thinned,5,19,Bare
T12,Thinned,1,7,Forb
T12,Thinned,1,8,Forb
T12,Thinned,1,13,Forb
T12,Thinned,4,1,Forb
T12,Thinned,4,8,Forb
T12,Thinned,4,9,Forb
T12,Thinned,5,1,Forb
T12,Thinned,5,20,Forb
T12,Thinned,1,17,Grass
T12,Thinned,1,19,Grass
T12,Thinned,2,17,Grass
T12,Thinned,3,18,Grass
T12,Thinned,5,12,Grass
T12,Thinned,1,1,Litter
T12,Thinned,1,2,Litter
T12,Thinned,1,4,Litter
T12,Thinned,1,6,Litter
T12,Thinned,1,9,Litter
T12,Thinned,1,10,Litter
T12,Thinned,1,15,Litter
T12,Thinned,2,1,Litter
T12,Thinned,2,2,Litter
T12,Thinned,2,3,Litter
T12,Thinned,2,4,Litter
T12,Thinned,2,5,Litter
T12,Thinned,2,6,Litter
T12,Thinned,2,7,Litter
T12,Thinned,2,10,Litter
T12,Thinned,2,12,Litter
T12,Thinned,2,13,Litter
T12,Thinned,2,14,Litter
T12,Thinned,2,15,Litter
T12,Thinned,2,16,Litter
T12,Thinned,2,18,Litter
T12,Thinned,2,19,Litter
T12,Thinned,2,20,Litter
T12,Thinned,3,1,Litter
T12,Thinned,3,2,Litter
T12,Thinned,3,4,Litter
T12,Thinned,3,6,Litter
T12,Thinned,3,10,Litter
T12,Thinned,3,12,Litter
T12,Thinned,3,13,Litter
T12,Thinned,3,16,Litter
T12,Thinned,3,17,Litter
T12,Thinned,4,2,Litter
T12,Thinned,4,3,Litter
T12,Thinned,4,10,Litter
T12,Thinned,4,11,Litter
T12,Thinned,4,12,Litter
T12,Thinned,4,13,Litter
T12,Thinned,4,14,Litter
T12,Thinned,4,15,Litter
T12,Thinned,4,16,Litter
T12,Thinned,4,17,Litter
T12,Thinned,4,19,Litter
T12,Thinned,4,20,Litter
T12,Thinned,5,3,Litter
T12,Thinned,5,5,Litter
T12,Thinned,5,8,Litter
T12,Thinned,5,9,Litter
T12,Thinned,5,10,Litter
T12,Thinned,5,17,Litter
T12,Thinned,1,14,Shrub
T12,Thinned,3,3,Shrub
T12,Thinned,3,5,Shrub
T12,Thinned,3,7,Shrub
T12,Thinned,3,8,Shrub
T12,Thinned,3,19,Shrub
T12,Thinned,3,20,Shrub
T12,Thinned,4,5,Shrub
T12,Thinned,4,6,Shrub
T12,Thinned,4,7,Shrub
T12,Thinned,5,7,Shrub
T12,Thinned,1,3,Tree
T12,Thinned,1,5,Tree
T12,Thinned,3,11,Tree
T12,Thinned,3,14,Tree
T12,Thinned,3,15,Tree
T12,Thinned,4,18,Tree
T12,Thinned,5,2,Tree
T12,Thinned,5,4,Tree
T12,Thinned,1,11,Wood
T12,Thinned,1,12,Wood
T12,Thinned,1,16,Wood
T12,Thinned,1,18,Wood
T12,Thinned,2,9,Wood
T12,Thinned,2,11,Wood
T12,Thinned,5,11,Wood
T13,Thinned,1,11,Bare
T13,Thinned,1,12,Bare
T13,Thinned,1,16,Bare
T13,Thinned,2,7,Bare
T13,Thinned,2,10,Bare
T13,Thinned,2,12,Bare
T13,Thinned,2,13,Bare
T13,Thinned,2,14,Bare
T13,Thinned,2,15,Bare
T13,Thinned,3,13,Bare
T13,Thinned,3,15,Bare
T13,Thinned,3,18,Bare
T13,Thinned,4,9,Bare
T13,Thinned,4,10,Bare
T13,Thinned,4,11,Bare
T13,Thinned,4,12,Bare
T13,Thinned,4,14,Bare
T13,Thinned,4,17,Bare
T13,Thinned,4,18,Bare
T13,Thinned,4,19,Bare
T13,Thinned,4,20,Bare
T13,Thinned,1,3,Forb
T13,Thinned,1,10,Forb
T13,Thinned,1,17,Forb
T13,Thinned,1,19,Forb
T13,Thinned,1,20,Forb
T13,Thinned,2,1,Forb
T13,Thinned,2,3,Forb
T13,Thinned,2,5,Forb
T13,Thinned,2,11,Forb
T13,Thinned,3,6,Forb
T13,Thinned,3,8,Forb
T13,Thinned,3,19,Forb
T13,Thinned,3,20,Forb
T13,Thinned,4,1,Forb
T13,Thinned,4,5,Forb
T13,Thinned,5,4,Forb
T13,Thinned,5,6,Forb
T13,Thinned,5,15,Forb
T13,Thinned,5,17,Forb
T13,Thinned,5,18,Forb
T13,Thinned,1,2,Grass
T13,Thinned,1,9,Grass
T13,Thinned,1,13,Grass
T13,Thinned,1,14,Grass
T13,Thinned,1,15,Grass
T13,Thinned,1,18,Grass
T13,Thinned,2,16,Grass
T13,Thinned,2,17,Grass
T13,Thinned,2,20,Grass
T13,Thinned,3,7,Grass
T13,Thinned,3,11,Grass
T13,Thinned,3,14,Grass
T13,Thinned,3,16,Grass
T13,Thinned,3,17,Grass
T13,Thinned,4,6,Grass
T13,Thinned,4,13,Grass
T13,Thinned,4,15,Grass
T13,Thinned,4,16,Grass
T13,Thinned,1,1,Litter
T13,Thinned,1,5,Litter
T13,Thinned,1,6,Litter
T13,Thinned,1,7,Litter
T13,Thinned,2,2,Litter
T13,Thinned,2,4,Litter
T13,Thinned,2,6,Litter
T13,Thinned,2,8,Litter
T13,Thinned,2,9,Litter
T13,Thinned,2,18,Litter
T13,Thinned,2,19,Litter
T13,Thinned,3,1,Litter
T13,Thinned,3,2,Litter
T13,Thinned,3,4,Litter
T13,Thinned,3,5,Litter
T13,Thinned,3,9,Litter
T13,Thinned,3,12,Litter
T13,Thinned,4,2,Litter
T13,Thinned,4,3,Litter
T13,Thinned,4,4,Litter
T13,Thinned,4,7,Litter
T13,Thinned,4,8,Litter
T13,Thinned,5,1,Litter
T13,Thinned,5,3,Litter
T13,Thinned,5,5,Litter
T13,Thinned,5,7,Litter
T13,Thinned,5,8,Litter
T13,Thinned,5,12,Litter
T13,Thinned,5,14,Litter
T13,Thinned,5,16,Litter
T13,Thinned,5,19,Litter
T13,Thinned,5,20,Litter
T13,Thinned,5,11,Shrub
T13,Thinned,5,2,Tree
T13,Thinned,1,4,Wood
T13,Thinned,1,8,Wood
T13,Thinned,3,3,Wood
T13,Thinned,3,10,Wood
T13,Thinned,5,9,Wood
T13,Thinned,5,10,Wood
T13,Thinned,5,13,Wood
T14,Thinned,1,6,Bare
T14,Thinned,1,7,Bare
T14,Thinned,2,11,Bare
T14,Thinned,2,12,Bare
T14,Thinned,2,13,Bare
T14,Thinned,2,14,Bare
T14,Thinned,2,17,Bare
T14,Thinned,4,9,Bare
T14,Thinned,4,10,Bare
T14,Thinned,4,13,Bare
T14,Thinned,5,10,Bare
T14,Thinned,5,11,Bare
T14,Thinned,4,11,Forb
T14,Thinned,4,16,Forb
T14,Thinned,5,12,Forb
T14,Thinned,5,13,Forb
T14,Thinned,5,14,Forb
T14,Thinned,1,12,Grass
T14,Thinned,2,9,Grass
T14,Thinned,4,14,Grass
T14,Thinned,5,8,Grass
T14,Thinned,1,1,Litter
T14,Thinned,1,2,Litter
T14,Thinned,1,3,Litter
T14,Thinned,1,4,Litter
T14,Thinned,1,5,Litter
T14,Thinned,1,14,Litter
T14,Thinned,1,15,Litter
T14,Thinned,1,16,Litter
T14,Thinned,1,17,Litter
T14,Thinned,1,18,Litter
T14,Thinned,1,19,Litter
T14,Thinned,1,20,Litter
T14,Thinned,2,1,Litter
T14,Thinned,2,2,Litter
T14,Thinned,2,3,Litter
T14,Thinned,2,4,Litter
T14,Thinned,2,8,Litter
T14,Thinned,2,16,Litter
T14,Thinned,2,18,Litter
T14,Thinned,2,19,Litter
T14,Thinned,3,1,Litter
T14,Thinned,3,2,Litter
T14,Thinned,3,3,Litter
T14,Thinned,3,4,Litter
T14,Thinned,3,5,Litter
T14,Thinned,3,6,Litter
T14,Thinned,3,7,Litter
T14,Thinned,3,8,Litter
T14,Thinned,3,9,Litter
T14,Thinned,3,10,Litter
T14,Thinned,3,11,Litter
T14,Thinned,3,12,Litter
T14,Thinned,3,13,Litter
T14,Thinned,3,14,Litter
T14,Thinned,3,15,Litter
T14,Thinned,3,19,Litter
T14,Thinned,3,20,Litter
T14,Thinned,4,1,Litter
T14,Thinned,4,2,Litter
T14,Thinned,4,3,Litter
T14,Thinned,4,4,Litter
T14,Thinned,4,5,Litter
T14,Thinned,4,6,Litter
T14,Thinned,4,7,Litter
T14,Thinned,4,8,Litter
T14,Thinned,4,12,Litter
T14,Thinned,5,1,Litter
T14,Thinned,5,2,Litter
T14,Thinned,5,4,Litter
T14,Thinned,5,6,Litter
T14,Thinned,5,7,Litter
T14,Thinned,5,9,Litter
T14,Thinned,5,15,Litter
T14,Thinned,5,16,Litter
T14,Thinned,5,17,Litter
T14,Thinned,5,18,Litter
T14,Thinned,5,19,Litter
T14,Thinned,5,20,Litter
T14,Thinned,2,5,Shrub
T14,Thinned,2,6,Shrub
T14,Thinned,2,7,Shrub
T14,Thinned,2,10,Shrub
T14,Thinned,2,20,Shrub
T14,Thinned,3,16,Shrub
T14,Thinned,3,17,Shrub
T14,Thinned,3,18,Shrub
T14,Thinned,5,5,Shrub
T14,Thinned,1,8,Wood
T14,Thinned,1,9,Wood
T14,Thinned,1,10,Wood
T14,Thinned,1,11,Wood
T14,Thinned,1,13,Wood
T14,Thinned,2,15,Wood
T14,Thinned,4,15,Wood
T14,Thinned,4,17,Wood
T14,Thinned,4,18,Wood
T14,Thinned,4,19,Wood
T14,Thinned,4,20,Wood
T14,Thinned,5,3,Wood
T15,Thinned,2,17,Bare
T15,Thinned,3,8,Bare
T15,Thinned,3,12,Bare
T15,Thinned,3,20,Bare
T15,Thinned,1,5,Forb
T15,Thinned,1,6,Forb
T15,Thinned,1,15,Forb
T15,Thinned,1,17,Forb
T15,Thinned,2,14,Forb
T15,Thinned,3,9,Forb
T15,Thinned,3,10,Forb
T15,Thinned,3,13,Forb
T15,Thinned,4,3,Forb
T15,Thinned,4,6,Forb
T15,Thinned,4,16,Forb
T15,Thinned,5,5,Forb
T15,Thinned,5,9,Forb
T15,Thinned,5,10,Forb
T15,Thinned,1,16,Grass
T15,Thinned,1,20,Grass
T15,Thinned,2,3,Grass
T15,Thinned,2,5,Grass
T15,Thinned,2,11,Grass
T15,Thinned,2,13,Grass
T15,Thinned,2,19,Grass
T15,Thinned,2,20,Grass
T15,Thinned,3,2,Grass
T15,Thinned,3,6,Grass
T15,Thinned,3,11,Grass
T15,Thinned,3,15,Grass
T15,Thinned,4,7,Grass
T15,Thinned,4,8,Grass
T15,Thinned,4,9,Grass
T15,Thinned,4,11,Grass
T15,Thinned,4,12,Grass
T15,Thinned,4,14,Grass
T15,Thinned,4,15,Grass
T15,Thinned,5,3,Grass
T15,Thinned,5,17,Grass
T15,Thinned,1,1,Litter
T15,Thinned,1,2,Litter
T15,Thinned,1,4,Litter
T15,Thinned,1,7,Litter
T15,Thinned,1,8,Litter
T15,Thinned,1,19,Litter
T15,Thinned,2,1,Litter
T15,Thinned,2,2,Litter
T15,Thinned,2,4,Litter
T15,Thinned,2,15,Litter
T15,Thinned,2,16,Litter
T15,Thinned,2,18,Litter
T15,Thinned,3,1,Litter
T15,Thinned,3,3,Litter
T15,Thinned,3,4,Litter
T15,Thinned,3,5,Litter
T15,Thinned,3,7,Litter
T15,Thinned,4,1,Litter
T15,Thinned,4,2,Litter
T15,Thinned,4,20,Litter
T15,Thinned,5,1,Litter
T15,Thinned,5,2,Litter
T15,Thinned,5,4,Litter
T15,Thinned,5,8,Litter
T15,Thinned,1,9,Shrub
T15,Thinned,1,11,Shrub
T15,Thinned,1,12,Shrub
T15,Thinned,1,13,Shrub
T15,Thinned,1,14,Shrub
T15,Thinned,2,6,Shrub
T15,Thinned,2,7,Shrub
T15,Thinned,2,8,Shrub
T15,Thinned,2,9,Shrub
T15,Thinned,2,10,Shrub
T15,Thinned,2,12,Shrub
T15,Thinned,3,14,Shrub
T15,Thinned,3,16,Shrub
T15,Thinned,4,13,Shrub
T15,Thinned,4,19,Shrub
T15,Thinned,5,11,Shrub
T15,Thinned,5,12,Shrub
T15,Thinned,5,13,Shrub
T15,Thinned,5,14,Shrub
T15,Thinned,5,15,Shrub
T15,Thinned,5,16,Shrub
T15,Thinned,5,18,Shrub
T15,Thinned,5,19,Shrub
T15,Thinned,5,20,Shrub
T15,Thinned,1,3,Tree
T15,Thinned,1,10,Tree
T15,Thinned,3,17,Tree
T15,Thinned,3,18,Tree
T15,Thinned,3,19,Tree
T15,Thinned,4,4,Tree
T15,Thinned,4,5,Tree
T15,Thinned,4,17,Tree
T15,Thinned,4,18,Tree
T15,Thinned,5,6,Tree
T15,Thinned,5,7,Tree
T15,Thinned,1,18,Wood
T15,Thinned,4,10,Wood
T2,Thinned,1,13,Bare
T2,Thinned,1,15,Bare
T2,Thinned,1,16,Bare
T2,Thinned,1,19,Bare
T2,Thinned,1,20,Bare
T2,Thinned,2,7,Bare
T2,Thinned,2,9,Bare
T2,Thinned,4,2,Bare
T2,Thinned,5,4,Bare
T2,Thinned,5,5,Bare
T2,Thinned,5,17,Bare
T2,Thinned,1,2,Forb
T2,Thinned,1,3,Forb
T2,Thinned,1,4,Forb
T2,Thinned,1,5,Forb
T2,Thinned,1,6,Forb
T2,Thinned,2,1,Forb
T2,Thinned,2,2,Forb
T2,Thinned,2,4,Forb
T2,Thinned,2,11,Forb
T2,Thinned,3,6,Forb
T2,Thinned,3,8,Forb
T2,Thinned,4,1,Forb
T2,Thinned,4,9,Forb
T2,Thinned,4,19,Forb
T2,Thinned,5,2,Forb
T2,Thinned,5,3,Forb
T2,Thinned,5,7,Forb
T2,Thinned,5,11,Forb
T2,Thinned,5,12,Forb
T2,Thinned,5,16,Forb
T2,Thinned,2,8,Grass
T2,Thinned,2,13,Grass
T2,Thinned,3,4,Grass
T2,Thinned,3,20,Grass
T2,Thinned,4,4,Grass
T2,Thinned,4,10,Grass
T2,Thinned,5,13,Grass
T2,Thinned,5,15,Grass
T2,Thinned,1,10,Litter
T2,Thinned,1,12,Litter
T2,Thinned,1,18,Litter
T2,Thinned,2,3,Litter
T2,Thinned,2,6,Litter
T2,Thinned,2,12,Litter
T2,Thinned,2,14,Litter
T2,Thinned,2,15,Litter
T2,Thinned,2,16,Litter
T2,Thinned,2,17,Litter
T2,Thinned,2,20,Litter
T2,Thinned,3,1,Litter
T2,Thinned,3,2,Litter
T2,Thinned,3,12,Litter
T2,Thinned,3,13,Litter
T2,Thinned,3,18,Litter
T2,Thinned,3,19,Litter
T2,Thinned,4,17,Litter
T2,Thinned,1,1,Shrub
T2,Thinned,1,7,Shrub
T2,Thinned,1,8,Shrub
T2,Thinned,1,9,Shrub
T2,Thinned,1,14,Shrub
T2,Thinned,1,17,Shrub
T2,Thinned,2,5,Shrub
T2,Thinned,2,18,Shrub
T2,Thinned,2,19,Shrub
T2,Thinned,3,7,Shrub
T2,Thinned,3,9,Shrub
T2,Thinned,3,10,Shrub
T2,Thinned,3,11,Shrub
T2,Thinned,3,15,Shrub
T2,Thinned,3,16,Shrub
T2,Thinned,4,3,Shrub
T2,Thinned,4,5,Shrub
T2,Thinned,4,6,Shrub
T2,Thinned,4,7,Shrub
T2,Thinned,4,8,Shrub
T2,Thinned,4,12,Shrub
T2,Thinned,4,13,Shrub
T2,Thinned,4,14,Shrub
T2,Thinned,4,15,Shrub
T2,Thinned,4,16,Shrub
T2,Thinned,4,18,Shrub
T2,Thinned,4,20,Shrub
T2,Thinned,5,8,Shrub
T2,Thinned,5,9,Shrub
T2,Thinned,5,10,Shrub
T2,Thinned,5,14,Shrub
T2,Thinned,5,18,Shrub
T2,Thinned,5,19,Shrub
T2,Thinned,5,20,Shrub
T2,Thinned,2,10,Tree
T2,Thinned,3,3,Tree
T2,Thinned,5,1,Tree
T2,Thinned,1,11,Wood
T2,Thinned,3,5,Wood
T2,Thinned,3,14,Wood
T2,Thinned,3,17,Wood
T2,Thinned,4,11,Wood
T2,Thinned,5,6,Wood
T3,Thinned,2,6,Bare
T3,Thinned,1,4,Forb
T3,Thinned,2,1,Forb
T3,Thinned,2,4,Forb
T3,Thinned,3,6,Forb
T3,Thinned,3,20,Forb
T3,Thinned,4,14,Forb
T3,Thinned,4,18,Forb
T3,Thinned,4,19,Forb
T3,Thinned,4,20,Forb
T3,Thinned,5,2,Forb
T3,Thinned,5,11,Forb
T3,Thinned,5,17,Forb
T3,Thinned,5,19,Forb
T3,Thinned,1,17,Grass
T3,Thinned,3,16,Grass
T3,Thinned,4,9,Grass
T3,Thinned,5,1,Grass
T3,Thinned,1,2,Litter
T3,Thinned,1,3,Litter
T3,Thinned,1,5,Litter
T3,Thinned,1,6,Litter
T3,Thinned,1,13,Litter
T3,Thinned,1,16,Litter
T3,Thinned,2,2,Litter
T3,Thinned,2,3,Litter
T3,Thinned,2,5,Litter
T3,Thinned,2,8,Litter
T3,Thinned,2,9,Litter
T3,Thinned,2,10,Litter
T3,Thinned,2,11,Litter
T3,Thinned,2,12,Litter
T3,Thinned,2,13,Litter
T3,Thinned,2,15,Litter
T3,Thinned,2,17,Litter
T3,Thinned,3,1,Litter
T3,Thinned,3,2,Litter
T3,Thinned,3,3,Litter
T3,Thinned,3,4,Litter
T3,Thinned,3,5,Litter
T3,Thinned,3,7,Litter
T3,Thinned,3,8,Litter
T3,Thinned,3,10,Litter
T3,Thinned,3,11,Litter
T3,Thinned,3,12,Litter
T3,Thinned,3,14,Litter
T3,Thinned,3,15,Litter
T3,Thinned,3,17,Litter
T3,Thinned,3,18,Litter
T3,Thinned,4,1,Litter
T3,Thinned,4,2,Litter
T3,Thinned,4,3,Litter
T3,Thinned,4,5,Litter
T3,Thinned,4,6,Litter
T3,Thinned,4,7,Litter
T3,Thinned,4,8,Litter
T3,Thinned,4,13,Litter
T3,Thinned,4,15,Litter
T3,Thinned,4,16,Litter
T3,Thinned,5,3,Litter
T3,Thinned,5,4,Litter
T3,Thinned,5,7,Litter
T3,Thinned,5,8,Litter
T3,Thinned,5,9,Litter
T3,Thinned,5,10,Litter
T3,Thinned,5,18,Litter
T3,Thinned,2,14,Rock
T3,Thinned,2,16,Rock
T3,Thinned,2,18,Rock
T3,Thinned,2,19,Rock
T3,Thinned,2,20,Rock
T3,Thinned,5,5,Rock
T3,Thinned,1,8,Shrub
T3,Thinned,1,9,Shrub
T3,Thinned,2,7,Shrub
T3,Thinned,3,19,Shrub
T3,Thinned,5,12,Shrub
T3,Thinned,5,13,Shrub
T3,Thinned,5,14,Shrub
T3,Thinned,5,16,Shrub
T3,Thinned,1,1,Tree
T3,Thinned,1,15,Tree
T3,Thinned,1,18,Tree
T3,Thinned,4,4,Tree
T3,Thinned,4,10,Tree
T3,Thinned,4,11,Tree
T3,Thinned,4,12,Tree
T3,Thinned,1,7,Wood
T3,Thinned,1,10,Wood
T3,Thinned,1,11,Wood
T3,Thinned,1,12,Wood
T3,Thinned,1,14,Wood
T3,Thinned,1,19,Wood
T3,Thinned,1,20,Wood
T3,Thinned,3,9,Wood
T3,Thinned,3,13,Wood
T3,Thinned,4,17,Wood
T3,Thinned,5,6,Wood
T3,Thinned,5,15,Wood
T3,Thinned,5,20,Wood
T4,Thinned,1,1,Bare
T4,Thinned,1,2,Bare
T4,Thinned,1,11,Bare
T4,Thinned,2,4,Bare
T4,Thinned,2,9,Bare
T4,Thinned,2,10,Bare
T4,Thinned,3,1,Bare
T4,Thinned,3,2,Bare
T4,Thinned,3,9,Bare
T4,Thinned,3,11,Bare
T4,Thinned,3,19,Bare
T4,Thinned,4,3,Bare
T4,Thinned,4,6,Bare
T4,Thinned,4,7,Bare
T4,Thinned,4,18,Bare
T4,Thinned,5,3,Bare
T4,Thinned,5,10,Bare
T4,Thinned,5,15,Bare
T4,Thinned,1,6,Forb
T4,Thinned,3,3,Forb
T4,Thinned,3,10,Forb
T4,Thinned,3,13,Forb
T4,Thinned,3,20,Forb
T4,Thinned,4,1,Forb
T4,Thinned,4,2,Forb
T4,Thinned,5,1,Forb
T4,Thinned,5,2,Forb
T4,Thinned,5,8,Forb
T4,Thinned,5,16,Forb
T4,Thinned,2,2,Grass
T4,Thinned,3,7,Grass
T4,Thinned,4,4,Grass
T4,Thinned,4,20,Grass
T4,Thinned,1,12,Litter
T4,Thinned,1,15,Litter
T4,Thinned,1,16,Litter
T4,Thinned,1,17,Litter
T4,Thinned,1,18,Litter
T4,Thinned,1,19,Litter
T4,Thinned,1,20,Litter
T4,Thinned,2,13,Litter
T4,Thinned,3,12,Litter
T4,Thinned,3,14,Litter
T4,Thinned,3,15,Litter
T4,Thinned,4,11,Litter
T4,Thinned,4,17,Litter
T4,Thinned,1,9,Rock
T4,Thinned,1,10,Rock
T4,Thinned,1,13,Rock
T4,Thinned,2,3,Rock
T4,Thinned,2,7,Rock
T4,Thinned,2,8,Rock
T4,Thinned,2,15,Rock
T4,Thinned,2,16,Rock
T4,Thinned,2,17,Rock
T4,Thinned,2,18,Rock
T4,Thinned,2,19,Rock
T4,Thinned,2,20,Rock
T4,Thinned,3,5,Rock
T4,Thinned,3,8,Rock
T4,Thinned,3,16,Rock
T4,Thinned,3,17,Rock
T4,Thinned,5,9,Rock
T4,Thinned,2,6,Shrub
T4,Thinned,2,14,Shrub
T4,Thinned,4,8,Shrub
T4,Thinned,4,9,Shrub
T4,Thinned,2,5,Shrub
T4,Thinned,1,3,Tree
T4,Thinned,1,4,Tree
T4,Thinned,2,1,Tree
T4,Thinned,2,11,Tree
T4,Thinned,2,12,Tree
T4,Thinned,3,18,Tree
T4,Thinned,4,5,Tree
T4,Thinned,4,10,Tree
T4,Thinned,4,12,Tree
T4,Thinned,4,13,Tree
T4,Thinned,4,14,Tree
T4,Thinned,4,15,Tree
T4,Thinned,4,19,Tree
T4,Thinned,1,5,Wood
T4,Thinned,1,7,Wood
T4,Thinned,1,8,Wood
T4,Thinned,1,14,Wood
T4,Thinned,3,4,Wood
T4,Thinned,3,6,Wood
T4,Thinned,4,16,Wood
T4,Thinned,5,4,Wood
T4,Thinned,5,5,Wood
T4,Thinned,5,6,Wood
T4,Thinned,5,7,Wood
T4,Thinned,5,11,Wood
T4,Thinned,5,12,Wood
T4,Thinned,5,13,Wood
T4,Thinned,5,14,Wood
T4,Thinned,5,17,Wood
T4,Thinned,5,18,Wood
T4,Thinned,5,19,Wood
T4,Thinned,5,20,Wood
T5,Thinned,3,13,Bare
T5,Thinned,1,20,Forb
T5,Thinned,4,9,Forb
T5,Thinned,4,18,Forb
T5,Thinned,5,16,Forb
T5,Thinned,5,17,Forb
T5,Thinned,2,18,Grass
T5,Thinned,3,4,Grass
T5,Thinned,4,6,Grass
T5,Thinned,4,17,Grass
T5,Thinned,1,6,Litter
T5,Thinned,1,7,Litter
T5,Thinned,1,8,Litter
T5,Thinned,1,9,Litter
T5,Thinned,1,11,Litter
T5,Thinned,1,13,Litter
T5,Thinned,1,14,Litter
T5,Thinned,1,16,Litter
T5,Thinned,1,19,Litter
T5,Thinned,2,6,Litter
T5,Thinned,3,6,Litter
T5,Thinned,3,7,Litter
T5,Thinned,3,17,Litter
T5,Thinned,4,1,Litter
T5,Thinned,4,10,Litter
T5,Thinned,4,11,Litter
T5,Thinned,4,12,Litter
T5,Thinned,4,13,Litter
T5,Thinned,4,14,Litter
T5,Thinned,5,12,Litter
T5,Thinned,5,15,Litter
T5,Thinned,5,18,Litter
T5,Thinned,5,19,Litter
T5,Thinned,5,20,Litter
T5,Thinned,1,2,Rock
T5,Thinned,2,2,Rock
T5,Thinned,3,1,Rock
T5,Thinned,3,8,Rock
T5,Thinned,4,2,Rock
T5,Thinned,4,3,Rock
T5,Thinned,4,4,Rock
T5,Thinned,5,2,Rock
T5,Thinned,5,7,Rock
T5,Thinned,1,12,Shrub
T5,Thinned,1,17,Shrub
T5,Thinned,1,18,Shrub
T5,Thinned,2,3,Shrub
T5,Thinned,2,15,Shrub
T5,Thinned,2,16,Shrub
T5,Thinned,2,19,Shrub
T5,Thinned,3,5,Shrub
T5,Thinned,3,9,Shrub
T5,Thinned,3,16,Shrub
T5,Thinned,3,18,Shrub
T5,Thinned,3,19,Shrub
T5,Thinned,4,19,Shrub
T5,Thinned,5,3,Shrub
T5,Thinned,5,9,Shrub
T5,Thinned,5,10,Shrub
T5,Thinned,5,11,Shrub
T5,Thinned,5,14,Shrub
T5,Thinned,1,1,Tree
T5,Thinned,1,5,Tree
T5,Thinned,1,10,Tree
T5,Thinned,1,15,Tree
T5,Thinned,2,1,Tree
T5,Thinned,2,7,Tree
T5,Thinned,2,8,Tree
T5,Thinned,2,9,Tree
T5,Thinned,2,10,Tree
T5,Thinned,2,11,Tree
T5,Thinned,2,12,Tree
T5,Thinned,2,13,Tree
T5,Thinned,2,14,Tree
T5,Thinned,3,2,Tree
T5,Thinned,3,3,Tree
T5,Thinned,3,14,Tree
T5,Thinned,3,15,Tree
T5,Thinned,4,7,Tree
T5,Thinned,4,8,Tree
T5,Thinned,5,4,Tree
T5,Thinned,5,5,Tree
T5,Thinned,5,13,Tree
T5,Thinned,1,3,Wood
T5,Thinned,1,4,Wood
T5,Thinned,2,4,Wood
T5,Thinned,2,5,Wood
T5,Thinned,2,17,Wood
T5,Thinned,2,20,Wood
T5,Thinned,3,10,Wood
T5,Thinned,3,11,Wood
T5,Thinned,3,12,Wood
T5,Thinned,3,20,Wood
T5,Thinned,4,5,Wood
T5,Thinned,4,15,Wood
T5,Thinned,4,16,Wood
T5,Thinned,4,20,Wood
T5,Thinned,5,1,Wood
T5,Thinned,5,6,Wood
T5,Thinned,5,8,Wood
T6,Thinned,1,2,Bare
T6,Thinned,1,3,Bare
T6,Thinned,1,4,Bare
T6,Thinned,2,4,Bare
T6,Thinned,3,7,Bare
T6,Thinned,3,8,Bare
T6,Thinned,3,19,Bare
T6,Thinned,4,6,Bare
T6,Thinned,5,10,Bare
T6,Thinned,2,3,Forb
T6,Thinned,2,6,Forb
T6,Thinned,2,12,Forb
T6,Thinned,2,15,Forb
T6,Thinned,3,13,Forb
T6,Thinned,3,16,Forb
T6,Thinned,4,10,Forb
T6,Thinned,4,13,Forb
T6,Thinned,4,14,Forb
T6,Thinned,5,11,Forb
T6,Thinned,5,13,Forb
T6,Thinned,5,15,Forb
T6,Thinned,1,1,Grass
T6,Thinned,2,5,Grass
T6,Thinned,2,7,Grass
T6,Thinned,2,16,Grass
T6,Thinned,3,6,Grass
T6,Thinned,3,10,Grass
T6,Thinned,3,11,Grass
T6,Thinned,3,12,Grass
T6,Thinned,3,14,Grass
T6,Thinned,3,15,Grass
T6,Thinned,5,14,Grass
T6,Thinned,5,17,Grass
T6,Thinned,1,12,Litter
T6,Thinned,1,13,Litter
T6,Thinned,1,16,Litter
T6,Thinned,1,17,Litter
T6,Thinned,1,18,Litter
T6,Thinned,2,2,Litter
T6,Thinned,3,4,Litter
T6,Thinned,3,5,Litter
T6,Thinned,4,5,Litter
T6,Thinned,4,11,Litter
T6,Thinned,4,12,Litter
T6,Thinned,4,15,Litter
T6,Thinned,2,17,Rock
T6,Thinned,2,18,Rock
T6,Thinned,2,19,Rock
T6,Thinned,2,20,Rock
T6,Thinned,5,9,Rock
T6,Thinned,5,16,Rock
T6,Thinned,1,5,Shrub
T6,Thinned,1,6,Shrub
T6,Thinned,1,7,Shrub
T6,Thinned,1,8,Shrub
T6,Thinned,1,9,Shrub
T6,Thinned,1,10,Shrub
T6,Thinned,1,11,Shrub
T6,Thinned,1,14,Shrub
T6,Thinned,1,15,Shrub
T6,Thinned,1,19,Shrub
T6,Thinned,2,1,Shrub
T6,Thinned,2,11,Shrub
T6,Thinned,3,1,Shrub
T6,Thinned,3,2,Shrub
T6,Thinned,3,17,Shrub
T6,Thinned,3,18,Shrub
T6,Thinned,3,20,Shrub
T6,Thinned,4,1,Shrub
T6,Thinned,4,16,Shrub
T6,Thinned,4,17,Shrub
T6,Thinned,4,18,Shrub
T6,Thinned,4,19,Shrub
T6,Thinned,4,20,Shrub
T6,Thinned,5,1,Shrub
T6,Thinned,5,2,Shrub
T6,Thinned,5,4,Shrub
T6,Thinned,5,6,Shrub
T6,Thinned,5,7,Shrub
T6,Thinned,5,8,Shrub
T6,Thinned,5,18,Shrub
T6,Thinned,5,19,Shrub
T6,Thinned,5,20,Shrub
T6,Thinned,1,20,Tree
T6,Thinned,2,8,Tree
T6,Thinned,2,9,Tree
T6,Thinned,2,10,Tree
T6,Thinned,2,13,Tree
T6,Thinned,2,14,Tree
T6,Thinned,3,9,Tree
T6,Thinned,4,2,Tree
T6,Thinned,4,7,Tree
T6,Thinned,4,8,Tree
T6,Thinned,4,9,Tree
T6,Thinned,5,3,Tree
T6,Thinned,3,3,Wood
T6,Thinned,4,3,Wood
T6,Thinned,4,4,Wood
T6,Thinned,5,5,Wood
T6,Thinned,5,12,Wood
T7,Thinned,1,6,Bare
T7,Thinned,1,10,Bare
T7,Thinned,1,17,Bare
T7,Thinned,2,11,Bare
T7,Thinned,3,17,Bare
T7,Thinned,3,19,Bare
T7,Thinned,3,20,Bare
T7,Thinned,4,6,Bare
T7,Thinned,4,11,Bare
T7,Thinned,4,12,Bare
T7,Thinned,4,15,Bare
T7,Thinned,4,16,Bare
T7,Thinned,5,2,Bare
T7,Thinned,5,15,Bare
T7,Thinned,5,17,Bare
T7,Thinned,1,18,Forb
T7,Thinned,2,1,Forb
T7,Thinned,4,5,Forb
T7,Thinned,1,20,Grass
T7,Thinned,2,7,Grass
T7,Thinned,2,10,Grass
T7,Thinned,5,8,Grass
T7,Thinned,5,13,Grass
T7,Thinned,1,4,Litter
T7,Thinned,1,5,Litter
T7,Thinned,1,9,Litter
T7,Thinned,1,13,Litter
T7,Thinned,1,14,Litter
T7,Thinned,2,14,Litter
T7,Thinned,2,16,Litter
T7,Thinned,3,1,Litter
T7,Thinned,3,6,Litter
T7,Thinned,3,7,Litter
T7,Thinned,3,8,Litter
T7,Thinned,3,9,Litter
T7,Thinned,3,13,Litter
T7,Thinned,3,15,Litter
T7,Thinned,4,2,Litter
T7,Thinned,4,3,Litter
T7,Thinned,4,4,Litter
T7,Thinned,4,9,Litter
T7,Thinned,5,3,Litter
T7,Thinned,5,9,Litter
T7,Thinned,5,10,Litter
T7,Thinned,5,11,Litter
T7,Thinned,5,12,Litter
T7,Thinned,1,2,Rock
T7,Thinned,1,3,Rock
T7,Thinned,1,7,Rock
T7,Thinned,1,8,Rock
T7,Thinned,1,15,Rock
T7,Thinned,1,16,Rock
T7,Thinned,1,19,Rock
T7,Thinned,2,2,Rock
T7,Thinned,2,12,Rock
T7,Thinned,2,15,Rock
T7,Thinned,2,17,Rock
T7,Thinned,2,19,Rock
T7,Thinned,2,20,Rock
T7,Thinned,3,4,Rock
T7,Thinned,3,5,Rock
T7,Thinned,3,14,Rock
T7,Thinned,4,1,Rock
T7,Thinned,4,14,Rock
T7,Thinned,4,17,Rock
T7,Thinned,4,18,Rock
T7,Thinned,5,1,Rock
T7,Thinned,5,14,Rock
T7,Thinned,5,20,Rock
T7,Thinned,1,11,Shrub
T7,Thinned,1,12,Shrub
T7,Thinned,2,3,Shrub
T7,Thinned,3,18,Shrub
T7,Thinned,4,20,Shrub
T7,Thinned,5,4,Shrub
T7,Thinned,5,5,Shrub
T7,Thinned,1,1,Tree
T7,Thinned,2,18,Tree
T7,Thinned,4,7,Tree
T7,Thinned,4,19,Tree
T7,Thinned,5,18,Tree
T7,Thinned,5,19,Tree
T7,Thinned,2,4,Wood
T7,Thinned,2,5,Wood
T7,Thinned,2,6,Wood
T7,Thinned,2,8,Wood
T7,Thinned,2,9,Wood
T7,Thinned,2,13,Wood
T7,Thinned,3,2,Wood
T7,Thinned,3,3,Wood
T7,Thinned,3,10,Wood
T7,Thinned,3,11,Wood
T7,Thinned,3,12,Wood
T7,Thinned,3,16,Wood
T7,Thinned,4,8,Wood
T7,Thinned,4,10,Wood
T7,Thinned,4,13,Wood
T7,Thinned,5,6,Wood
T7,Thinned,5,7,Wood
T7,Thinned,5,16,Wood
T8,Thinned,5,18,Bare
T8,Thinned,5,19,Bare
T8,Thinned,5,20,Bare
T8,Thinned,1,16,Forb
T8,Thinned,1,19,Forb
T8,Thinned,1,20,Forb
T8,Thinned,2,11,Forb
T8,Thinned,2,14,Forb
T8,Thinned,2,15,Forb
T8,Thinned,2,18,Forb
T8,Thinned,3,14,Forb
T8,Thinned,3,16,Forb
T8,Thinned,3,17,Forb
T8,Thinned,4,10,Forb
T8,Thinned,4,11,Forb
T8,Thinned,5,2,Forb
T8,Thinned,5,5,Forb
T8,Thinned,5,17,Forb
T8,Thinned,3,12,Grass
T8,Thinned,3,13,Grass
T8,Thinned,3,20,Grass
T8,Thinned,4,1,Grass
T8,Thinned,4,12,Grass
T8,Thinned,1,1,Litter
T8,Thinned,1,2,Litter
T8,Thinned,1,4,Litter
T8,Thinned,1,7,Litter
T8,Thinned,1,8,Litter
T8,Thinned,1,9,Litter
T8,Thinned,1,11,Litter
T8,Thinned,1,17,Litter
T8,Thinned,2,1,Litter
T8,Thinned,2,2,Litter
T8,Thinned,2,3,Litter
T8,Thinned,2,7,Litter
T8,Thinned,2,8,Litter
T8,Thinned,2,16,Litter
T8,Thinned,2,17,Litter
T8,Thinned,3,1,Litter
T8,Thinned,3,3,Litter
T8,Thinned,3,4,Litter
T8,Thinned,3,5,Litter
T8,Thinned,3,7,Litter
T8,Thinned,3,8,Litter
T8,Thinned,3,9,Litter
T8,Thinned,3,10,Litter
T8,Thinned,3,11,Litter
T8,Thinned,3,15,Litter
T8,Thinned,4,2,Litter
T8,Thinned,4,3,Litter
T8,Thinned,4,4,Litter
T8,Thinned,4,5,Litter
T8,Thinned,4,6,Litter
T8,Thinned,4,7,Litter
T8,Thinned,4,8,Litter
T8,Thinned,4,9,Litter
T8,Thinned,4,18,Litter
T8,Thinned,4,19,Litter
T8,Thinned,4,20,Litter
T8,Thinned,5,1,Litter
T8,Thinned,5,3,Litter
T8,Thinned,5,4,Litter
T8,Thinned,5,7,Litter
T8,Thinned,5,9,Litter
T8,Thinned,5,10,Litter
T8,Thinned,1,6,Shrub
T8,Thinned,1,10,Shrub
T8,Thinned,1,12,Shrub
T8,Thinned,1,13,Shrub
T8,Thinned,1,14,Shrub
T8,Thinned,1,15,Shrub
T8,Thinned,1,18,Shrub
T8,Thinned,2,9,Shrub
T8,Thinned,2,10,Shrub
T8,Thinned,2,12,Shrub
T8,Thinned,2,13,Shrub
T8,Thinned,2,19,Shrub
T8,Thinned,2,20,Shrub
T8,Thinned,3,6,Shrub
T8,Thinned,4,13,Shrub
T8,Thinned,4,14,Shrub
T8,Thinned,5,13,Shrub
T8,Thinned,5,15,Shrub
T8,Thinned,2,6,Tree
T8,Thinned,3,2,Tree
T8,Thinned,4,15,Tree
T8,Thinned,5,6,Tree
T8,Thinned,5,8,Tree
T8,Thinned,1,3,Wood
T8,Thinned,1,5,Wood
T8,Thinned,2,4,Wood
T8,Thinned,2,5,Wood
T8,Thinned,3,18,Wood
T8,Thinned,3,19,Wood
T8,Thinned,4,16,Wood
T8,Thinned,4,17,Wood
T8,Thinned,5,11,Wood
T8,Thinned,5,12,Wood
T8,Thinned,5,14,Wood
T8,Thinned,5,16,Wood
T9,Thinned,2,5,Bare
T9,Thinned,2,19,Bare
T9,Thinned,2,20,Bare
T9,Thinned,4,8,Bare
T9,Thinned,4,18,Bare
T9,Thinned,1,10,Forb
T9,Thinned,1,11,Forb
T9,Thinned,1,12,Forb
T9,Thinned,2,11,Forb
T9,Thinned,3,6,Forb
T9,Thinned,3,19,Grass
T9,Thinned,4,9,Grass
T9,Thinned,1,1,Litter
T9,Thinned,1,2,Litter
T9,Thinned,1,4,Litter
T9,Thinned,1,6,Litter
T9,Thinned,1,7,Litter
T9,Thinned,1,8,Litter
T9,Thinned,1,9,Litter
T9,Thinned,1,13,Litter
T9,Thinned,1,14,Litter
T9,Thinned,1,15,Litter
T9,Thinned,1,16,Litter
T9,Thinned,2,2,Litter
T9,Thinned,2,6,Litter
T9,Thinned,2,8,Litter
T9,Thinned,2,9,Litter
T9,Thinned,2,10,Litter
T9,Thinned,2,13,Litter
T9,Thinned,2,14,Litter
T9,Thinned,2,15,Litter
T9,Thinned,2,17,Litter
T9,Thinned,3,1,Litter
T9,Thinned,3,2,Litter
T9,Thinned,3,3,Litter
T9,Thinned,3,4,Litter
T9,Thinned,3,5,Litter
T9,Thinned,3,10,Litter
T9,Thinned,3,11,Litter
T9,Thinned,3,12,Litter
T9,Thinned,3,13,Litter
T9,Thinned,3,14,Litter
T9,Thinned,3,16,Litter
T9,Thinned,3,17,Litter
T9,Thinned,3,18,Litter
T9,Thinned,4,2,Litter
T9,Thinned,4,3,Litter
T9,Thinned,4,4,Litter
T9,Thinned,4,5,Litter
T9,Thinned,4,6,Litter
T9,Thinned,4,7,Litter
T9,Thinned,4,10,Litter
T9,Thinned,4,15,Litter
T9,Thinned,4,16,Litter
T9,Thinned,4,17,Litter
T9,Thinned,5,1,Litter
T9,Thinned,5,2,Litter
T9,Thinned,5,6,Litter
T9,Thinned,5,7,Litter
T9,Thinned,5,8,Litter
T9,Thinned,5,10,Litter
T9,Thinned,5,11,Litter
T9,Thinned,5,12,Litter
T9,Thinned,5,13,Litter
T9,Thinned,5,14,Litter
T9,Thinned,5,15,Litter
T9,Thinned,5,16,Litter
T9,Thinned,5,17,Litter
T9,Thinned,5,18,Litter
T9,Thinned,3,20,Rock
T9,Thinned,5,5,Rock
T9,Thinned,5,9,Rock
T9,Thinned,1,3,Shrub
T9,Thinned,1,5,Shrub
T9,Thinned,1,18,Shrub
T9,Thinned,1,19,Shrub
T9,Thinned,1,20,Shrub
T9,Thinned,2,1,Shrub
T9,Thinned,2,3,Shrub
T9,Thinned,2,4,Shrub
T9,Thinned,2,7,Shrub
T9,Thinned,2,12,Shrub
T9,Thinned,3,7,Shrub
T9,Thinned,3,8,Shrub
T9,Thinned,4,1,Shrub
T9,Thinned,4,19,Shrub
T9,Thinned,4,20,Shrub
T9,Thinned,5,3,Shrub
T9,Thinned,5,4,Shrub
T9,Thinned,5,19,Shrub
T9,Thinned,5,20,Shrub
T9,Thinned,1,17,Tree
T9,Thinned,3,15,Tree
T9,Thinned,2,16,Wood
T9,Thinned,2,18,Wood
T9,Thinned,3,9,Wood
T9,Thinned,4,11,Wood
T9,Thinned,4,12,Wood
T9,Thinned,4,13,Wood
T9,Thinned,4,14,Wood
